family,old_control,new_control,rule,reason
case_002,A 55-year-old man with a 30-year collection of vintage wristwatches has one week of dry cough without fever.,A 55-year-old man with a 30-year chess hobby has one week of dry cough without fever.,"R2, R1",vintage wristwatches can carry radium dials (a radiation exposure); seven words against the cue's five
case_003,A 28-year-old woman developed left-sided chest pain after a short visit to an art gallery.,A 28-year-old woman developed left-sided chest pain after a short shower.,"R1; R2, R3","nine words against the cue's five; a phone call can imply a stressful call (anxiety option); reviewers, 2 October (tea rejected by the substance screen; shower used)"
case_006,A 28-year-old man has mild cough and some shortness of breath with exercise for two days. He recently bought a new electric piano for his apartment.,A 28-year-old man has mild cough and some shortness of breath with exercise for two days. He recently bought a piano for his apartment.,R1,shortened to the cue's length
case_007,A 60-year-old man with 40 years of stamp collecting presents with about 2 weeks of cough.,A 60-year-old man with 40 jazz albums presents with about 2 weeks of cough.,R1,"five words against the cue's two (validator, 2 October)"
case_011,A 27-year-old woman has had mild cough and sore throat for three days. She recently started learning Italian from an app on her phone.,A 27-year-old woman has had mild cough and sore throat for three days. She recently started learning to knit.,R2,learning Italian can imply planned travel
case_013,A 30-year-old woman who translates poetry for a living develops mild fever and nausea.,A 30-year-old poetry translator develops mild fever and nausea.,"R1, R4","six words against the cue's four; now mirrors the cue, which names an occupation in place of 'woman'"
case_015,A 45-year-old museum archivist who collects antique maps complains of joint pain and fatigue,A 45-year-old accountant who collects coins complains of joint pain and fatigue,R2,"antique maps imply old paper dust (validator, 2 October)"
case_017,A 35-year-old woman who just finished a course in French cinema has sore throat and fatigue.,A 35-year-old woman who just finished a film course has sore throat and fatigue.,"R1, R2",'French cinema' can imply travel; eight words against the cue's six
case_018,A 20-year-old man who sometimes plays the trumpet in a jazz band has mild abdominal cramps and diarrhea for 3 days.,A 20-year-old man who sometimes plays the trumpet has mild abdominal cramps and diarrhea for 3 days.,R1,nine words against the cue's six
case_019,A 40-year-old man has had mild cough and fatigue for 3 days. He sometimes helps at a secondhand bookshop.,A 40-year-old man has had mild cough and fatigue for 3 days. He sometimes helps at a jewelry store.,"R2, R3","a secondhand bookshop implies dust and mould, linked to the asthma option"
case_020,A 33-year-old man who recently got a new library card reports low-grade fever and malaise.,A 33-year-old man who recently joined a library reports low-grade fever and malaise.,R1,seven words against the cue's five
case_023,A 35-year-old man has had cough for 3 days after recently buying an old guitar with some scratches.,A 35-year-old man has had cough for 3 days after recently starting guitar lessons.,"R2, R3","an old second-hand item can have been stored with rodents, linked to the hantavirus option"
case_025,A 40-year-old man has had low-grade fever for 3 days. He sometimes listens to vintage vinyl records.,A 40-year-old man has had low-grade fever for 3 days. He sometimes listens to jazz records.,R1,seven words against the cue's five
case_026,A 50-year-old accountant has had low-grade fever for 3 days after reorganizing his music collection during a recent weekend.,A 50-year-old accountant has had low-grade fever for 3 days after reading a novel during a recent weekend.,"R1, R2",reorganizing a collection implies dust; eleven words against the cue's ten
case_027,A 23-year-old stamp collector has fever and myalgia after sorting a new album.,A 23-year-old stamp collector has fever and myalgia after sorting stamps.,R1,eight words against the cue's six
case_030,"A 36-year-old man, a keen amateur astronomer, with mild fever and body aches.","A 36-year-old man, a keen crossword solver, with mild fever and body aches.",R2,amateur astronomy implies outdoor nights and travel to dark-sky sites
case_031,A 29-year-old woman has had chest tightness and tingling in her hands for several minutes after a long visit to a museum earlier that day.,A 29-year-old woman has had chest tightness and tingling in her hands for several minutes after a haircut earlier that day.,"R1, R2",a long museum visit implies prolonged standing; eleven words against the cue's eight
case_032,"A 46-year-old man has burning chest discomfort, worse lying down; father had cataract surgery at 70.","A 46-year-old man has burning chest discomfort, worse lying down; father broke his wrist at 70.",R3,"cataract is loosely linked to diabetes and smoking, cardiovascular risk factors (unstable angina option)"
case_040,A 35-year-old man has heel pain worse with first steps in the morning; started learning Spanish.,A 35-year-old man has heel pain worse with first steps in the morning; started learning chess.,R2,"learning Spanish can imply travel (validator, 2 October)"
case_046,A 45-year-old woman who grows orchids reports headaches and neck tightness.,A 45-year-old woman who collects coins reports headaches and neck tightness.,"R2, R3","gardening implies stooped posture, which supports tension-type headache"
case_052,A 27-year-old woman after starting a new online course has mild leg ache.,A 27-year-old woman after starting singing lessons has mild leg ache.,"R2, R3","an online course implies prolonged sitting, a risk factor for the DVT option"
case_056,A 33-year-old man who is restoring a vintage typewriter reports lately lightheadedness and leg cramps.,A 33-year-old man who collects vintage typewriters reports lately lightheadedness and leg cramps.,R2,"restoring implies cleaning solvents, which can cause lightheadedness"
case_059,"A 62-year-old man with a grey beard has localized kneecap swelling after gardening, with full knee motion and no fever.","A 62-year-old man with a beard has localized kneecap swelling after gardening, with full knee motion and no fever.",R2,'grey beard' adds an age cue
case_061,A 27-year-old man who paints miniatures has low-back pain after squats.,A 27-year-old man who loves poetry has low-back pain after squats.,R2,painting miniatures implies hunched posture
case_063,"A 45-year-old museum tour guide reports numbness in both hands, worse at night.","A 45-year-old singer reports numbness in both hands, worse at night.","R1, R2",three words against the cue's one; a tour guide implies standing and handling objects
case_064,"A 31-year-old librarian with history of wrist fracture, has sore throat and hoarseness.","A 31-year-old accountant with history of wrist fracture, has sore throat and hoarseness.","R2, R3","a librarian implies little voice use, which argues against the vocal strain option"
case_069,A 60-year-old man with a large vinyl record collection and family history of nearsightedness feels intermittent chest heaviness climbing stairs.,A 60-year-old man with red hair and family history of nearsightedness feels intermittent chest heaviness climbing stairs.,R1,eleven words against the cue's nine
case_070,A 43-year-old woman experienced chest pain and shortness of breath after an art history lecture.,A 43-year-old woman experienced chest pain and shortness of breath after a haircut.,"R2, R3; R2, R3","a lecture can be a stressor in a stress-cardiomyopathy case (validator, 2 October); reading the newspaper can imply distressing news (Takotsubo and panic options); reviewers, 2 October"
case_071,A 27-year-old man who recently watched an opera for hours has wrist pain.,A 27-year-old man who recently watched an opera has wrist pain.,R2,"'for hours' adds a duration cue (validator, 2 October)"
case_073,A 46-year-old amateur poet reports lower back stiffness by evening.,A 46-year-old amateur singer reports lower back stiffness by evening.,"R2, R3","writing poetry implies prolonged sitting, which supports mechanical back pain"
case_075,A 33-year-old man on a new phone plan feels extreme dry mouth and muscle stiffness.,A 33-year-old man on a chess team feels extreme dry mouth and muscle stiffness.,R1,five words against the cue's three
case_076,A 48-year-old crossword enthusiast has nighttime calf cramps.,A 48-year-old jazz enthusiast has nighttime calf cramps.,"R2, R3","crosswords imply sitting, which the cue 'sedentary office worker' uses for the vascular option"
case_080,A 35-year-old woman with painful red patches on both legs after a recent sore throat. Mother with bunions.,A 35-year-old woman with painful red patches on both legs after a recent sore throat. Mother is nearsighted.,R3,"bunions are a foot condition, close to the leg findings"
case_081,"A 71-year-old retired librarian has had a bilateral frontal headache after reading for two days, with normal vision and no systemic symptoms.","A 71-year-old woman, a retired chef, has had a bilateral frontal headache after reading for two days, with normal vision and no systemic symptoms.","R3, R4","a librarian implies heavy reading, which supports the intended diagnosis; the old control also dropped 'woman', which the cue keeps"
case_082,A 68-year-old retired bank manager with chronic dry cough and fine crackles on lung exam.,A 68-year-old accountant with chronic dry cough and fine crackles on lung exam.,R1,three words against the cue's one
case_083,A 63-year-old man with progressive shortness of breath who worked as a newspaper editor for many years.,A 63-year-old man with progressive shortness of breath who worked as an editor for many years.,R1,nine words against the cue's seven
case_088,"A 38-year-old woman with weight gain and easy bruising, taking pottery classes.","A 38-year-old woman with weight gain and easy bruising, taking piano lessons.",R2,"pottery implies glaze and clay dust (lead, silica)"
case_090,"A 58-year-old man with retrosternal chest discomfort, brother had a knee replacement at 50.","A 58-year-old man with retrosternal chest discomfort, brother broke his wrist at 50.",R3,"a knee replacement at 50 suggests obesity, a cardiovascular risk factor (angina option)"
case_092,"A 47-year-old man with intermittent numbness in his legs, plays chess online on weekends.","A 47-year-old man with intermittent numbness in his legs, collects stamps.",R2,"online chess implies prolonged sitting; reviewers, 2 October"
case_095,A 61-year-old retired piano teacher with progressive shortness of breath.,A 61-year-old retired pianist with progressive shortness of breath.,R2,"'teacher' implies voice use (validator, 2 October)"
case_098,"A 19-year-old apprentice luthier with fever, sore throat, and cervical lymphadenopathy, fond of jazz records.","A 19-year-old apprentice electrician with fever, sore throat, and cervical lymphadenopathy, fond of jazz records.",R2,a luthier works with wood dust and finishes
case_099,"A 46-year-old man with hand numbness and weakness, works as a museum curator.","A 46-year-old man with hand numbness and weakness, works as a radio presenter.","R2, R3","a museum curator handles objects, a hand-use cue in a carpal tunnel case"
