participant,training_level
C107,attending_or_consultant
C122,attending_or_consultant
C127,medical_student
C140,resident_or_fellow
C147,resident_or_fellow
C151,attending_or_consultant
C166,attending_or_consultant
C178,attending_or_consultant
C186,attending_or_consultant
C281,resident_or_fellow
C327,attending_or_consultant
C348,attending_or_consultant
C383,attending_or_consultant
C415,attending_or_consultant
C429,attending_or_consultant
C457,resident_or_fellow
C484,medical_student
C512,medical_student
C515,resident_or_fellow
C528,resident_or_fellow
C540,attending_or_consultant
C573,attending_or_consultant
C578,attending_or_consultant
C609,medical_student
C613,medical_student
C645,attending_or_consultant
C680,resident_or_fellow
C698,resident_or_fellow
C728,resident_or_fellow
C745,resident_or_fellow
C755,attending_or_consultant
C759,medical_student
C790,other_physician_role
C791,resident_or_fellow
C824,other_physician_role
C829,resident_or_fellow
C836,attending_or_consultant
C847,resident_or_fellow
C868,attending_or_consultant
C875,resident_or_fellow
C901,attending_or_consultant
C908,resident_or_fellow
C932,resident_or_fellow
C941,attending_or_consultant
C962,medical_student
C987,medical_student
C988,resident_or_fellow
