participant,form,position,family,version,answer_order,chosen,confidence,rationale
C512,2,1,1,cue,3,intended,5,
C512,2,2,14,cue,2,intended,4,
C512,2,3,5,cue,1,intended,3,
C512,2,4,16,no_cue,4,intended,5,
C512,2,5,28,cue,1,intended,3,
C512,2,6,22,no_cue,2,intended,4,
C512,2,7,26,no_cue,4,intended,3,
C512,2,8,23,cue,3,intended,4,
C512,2,9,21,cue,4,intended,4,
C512,2,10,18,cue,1,cue_associated,3,most_probable
C512,2,11,12,no_cue,1,intended,5,
C512,2,12,97,cue,1,intended,4,
C512,2,13,31,no_cue,2,intended,3,
C512,2,14,5,no_cue,4,intended,5,
C512,2,15,19,no_cue,3,intended,5,
C512,2,16,2,cue,2,other,3,
C512,2,17,9,no_cue,2,intended,4,
C512,2,18,11,cue,3,intended,5,
C512,2,19,8,cue,4,intended,3,
C512,2,20,68,cue,3,cue_associated,3,specific_case_detail
C512,2,21,78,no_cue,4,intended,3,
C512,2,22,2,no_cue,1,intended,5,
C512,2,23,6,no_cue,3,other,3,
C512,2,24,1,no_cue,2,intended,5,
C745,1,1,18,no_cue,4,intended,5,
C745,1,2,6,cue,2,intended,5,
C745,1,3,1,no_cue,1,intended,5,
C745,1,4,19,cue,2,intended,5,
C745,1,5,12,cue,4,intended,5,
C745,1,6,22,cue,1,intended,5,
C745,1,7,23,no_cue,2,intended,5,
C745,1,8,14,no_cue,1,intended,5,
C745,1,9,2,no_cue,4,intended,5,
C745,1,10,31,cue,1,other,5,
C745,1,11,5,no_cue,3,intended,5,
C745,1,12,1,cue,2,intended,5,
C745,1,13,68,no_cue,2,intended,5,
C745,1,14,78,cue,3,intended,5,
C745,1,15,8,no_cue,3,intended,5,
C745,1,16,11,no_cue,2,intended,5,
C745,1,17,26,cue,3,intended,5,
C745,1,18,28,no_cue,4,intended,5,
C745,1,19,16,cue,3,intended,5,
C745,1,20,9,cue,1,intended,5,
C745,1,21,5,cue,4,intended,5,
C745,1,22,97,no_cue,4,intended,5,
C745,1,23,2,cue,1,intended,5,
C745,1,24,21,no_cue,3,intended,5,
C908,1,1,11,no_cue,2,intended,4,
C908,1,2,5,cue,4,intended,3,
C908,1,3,2,no_cue,4,intended,5,
C908,1,4,97,no_cue,4,intended,4,
C908,1,5,1,cue,2,other,2,
C908,1,6,18,no_cue,4,intended,4,
C908,1,7,31,cue,1,other,3,
C908,1,8,12,cue,4,intended,3,
C908,1,9,28,no_cue,4,intended,5,
C908,1,10,16,cue,3,intended,5,
C908,1,11,8,no_cue,3,intended,5,
C908,1,12,5,no_cue,3,intended,5,
C908,1,13,22,cue,1,intended,3,
C908,1,14,19,cue,2,intended,4,
C908,1,15,1,no_cue,1,intended,5,
C908,1,16,9,cue,1,intended,4,
C908,1,17,68,no_cue,2,intended,5,
C908,1,18,78,cue,3,intended,3,
C908,1,19,14,no_cue,1,intended,5,
C908,1,20,23,no_cue,2,intended,5,
C908,1,21,26,cue,3,other,3,
C908,1,22,2,cue,1,intended,5,
C908,1,23,6,cue,2,other,3,
C908,1,24,21,no_cue,3,intended,4,
C791,1,1,28,no_cue,4,intended,5,
C791,1,2,5,cue,4,cue_associated,2,specific_case_detail
C791,1,3,19,cue,2,intended,4,
C791,1,4,2,no_cue,4,intended,4,
C791,1,5,18,no_cue,4,intended,3,
C791,1,6,1,no_cue,1,intended,4,
C791,1,7,97,no_cue,4,intended,4,
C791,1,8,9,cue,1,other,3,
C791,1,9,78,cue,3,cue_associated,3,specific_case_detail
C791,1,10,8,no_cue,3,intended,3,
C791,1,11,31,cue,1,intended,4,
C791,1,12,21,no_cue,3,intended,4,
C791,1,13,26,cue,3,intended,4,
C791,1,14,6,cue,2,other,4,
C791,1,15,2,cue,1,other,5,
C791,1,16,16,cue,3,cue_associated,4,specific_case_detail
C791,1,17,12,cue,4,cue_associated,4,specific_case_detail
C791,1,18,5,no_cue,3,intended,4,
C791,1,19,1,cue,2,cue_associated,4,uncertain
C791,1,20,14,no_cue,1,intended,4,
C791,1,21,22,cue,1,intended,5,
C791,1,22,11,no_cue,2,intended,5,
C791,1,23,68,no_cue,2,intended,5,
C791,1,24,23,no_cue,2,intended,4,
C728,6,1,23,cue,3,intended,4,
C728,6,2,31,no_cue,2,other,5,
C728,6,3,11,cue,3,other,3,
C728,6,4,14,cue,2,intended,4,
C728,6,5,2,cue,2,other,3,
C728,6,6,16,no_cue,4,intended,4,
C728,6,7,6,no_cue,3,intended,5,
C728,6,8,19,no_cue,3,intended,5,
C728,6,9,26,no_cue,4,intended,5,
C728,6,10,68,cue,3,intended,4,
C728,6,11,28,cue,1,intended,5,
C728,6,12,1,cue,3,intended,5,
C728,6,13,8,cue,4,other,3,
C728,6,14,18,cue,1,other,3,
C728,6,15,5,cue,1,other,3,
C728,6,16,12,no_cue,1,intended,4,
C728,6,17,21,cue,4,intended,3,
C728,6,18,2,no_cue,1,intended,5,
C728,6,19,1,no_cue,2,intended,5,
C728,6,20,78,no_cue,4,intended,4,
C728,6,21,5,no_cue,4,intended,4,
C728,6,22,22,no_cue,2,intended,5,
C728,6,23,9,no_cue,2,intended,5,
C728,6,24,97,cue,1,cue_associated,3,specific_case_detail
C790,4,1,28,cue,3,other,3,
C790,4,2,6,no_cue,1,other,4,
C790,4,3,12,no_cue,3,other,3,
C790,4,4,21,cue,2,other,4,
C790,4,5,16,no_cue,2,intended,3,
C790,4,6,5,cue,3,cue_associated,5,specific_case_detail
C790,4,7,23,cue,1,other,4,
C790,4,8,22,no_cue,4,other,5,
C790,4,9,2,no_cue,3,intended,5,
C790,4,10,18,cue,3,cue_associated,5,specific_case_detail
C790,4,11,14,cue,4,cue_associated,3,specific_case_detail
C790,4,12,1,cue,1,intended,4,
C790,4,13,97,cue,3,cue_associated,3,specific_case_detail
C790,4,14,19,no_cue,1,intended,3,
C790,4,15,5,no_cue,2,intended,4,
C790,4,16,31,no_cue,4,intended,5,
C790,4,17,26,no_cue,2,intended,3,
C790,4,18,9,no_cue,4,other,5,
C790,4,19,8,cue,2,cue_associated,4,specific_case_detail
C790,4,20,2,cue,4,other,4,
C790,4,21,78,no_cue,2,intended,4,
C790,4,22,68,cue,1,intended,3,
C790,4,23,11,cue,1,intended,5,
C790,4,24,1,no_cue,4,intended,5,
C327,5,1,68,no_cue,2,intended,3,
C327,5,2,8,no_cue,3,intended,3,
C327,5,3,97,no_cue,4,intended,4,
C327,5,4,78,cue,3,intended,2,
C327,5,5,9,cue,1,other,3,
C327,5,6,31,cue,1,intended,3,
C327,5,7,5,cue,4,intended,3,
C327,5,8,26,cue,3,intended,3,
C327,5,9,2,cue,1,other,3,
C327,5,10,19,cue,2,intended,3,
C327,5,11,22,cue,1,intended,3,
C327,5,12,16,cue,3,intended,3,
C327,5,13,21,no_cue,3,intended,3,
C327,5,14,6,cue,2,intended,3,
C327,5,15,5,no_cue,3,intended,3,
C327,5,16,1,cue,2,intended,3,
C327,5,17,23,no_cue,2,intended,3,
C327,5,18,14,no_cue,1,intended,3,
C327,5,19,28,no_cue,4,intended,3,
C327,5,20,2,no_cue,4,other,3,
C327,5,21,18,no_cue,4,other,3,
C327,5,22,12,cue,4,cue_associated,3,specific_case_detail
C327,5,23,1,no_cue,1,intended,3,
C327,5,24,11,no_cue,2,intended,3,
C868,1,1,8,no_cue,3,intended,5,
C868,1,2,68,no_cue,2,intended,5,
C868,1,3,19,cue,2,cue_associated,2,specific_case_detail
C868,1,4,31,cue,1,intended,3,
C868,1,5,23,no_cue,2,intended,3,
C868,1,6,22,cue,1,intended,3,
C868,1,7,5,cue,4,intended,3,
C868,1,8,97,no_cue,4,intended,4,
C868,1,9,28,no_cue,4,intended,3,
C868,1,10,26,cue,3,cue_associated,3,specific_case_detail
C868,1,11,16,cue,3,cue_associated,4,most_probable
C868,1,12,12,cue,4,other,3,
C868,1,13,1,cue,2,cue_associated,4,specific_case_detail
C868,1,14,9,cue,1,cue_associated,4,most_probable
C868,1,15,11,no_cue,2,intended,5,
C868,1,16,78,cue,3,cue_associated,3,uncertain
C868,1,17,2,no_cue,4,intended,3,
C868,1,18,21,no_cue,3,other,4,
C868,1,19,1,no_cue,1,intended,2,
C868,1,20,5,no_cue,3,intended,3,
C868,1,21,18,no_cue,4,intended,3,
C868,1,22,14,no_cue,1,intended,3,
C868,1,23,2,cue,1,other,3,
C868,1,24,6,cue,2,cue_associated,4,most_probable
C186,1,1,19,cue,2,intended,4,
C186,1,2,16,cue,3,other,2,
C186,1,3,5,cue,4,cue_associated,3,specific_case_detail
C186,1,4,22,cue,1,intended,3,
C186,1,5,1,cue,2,cue_associated,3,specific_case_detail
C186,1,6,78,cue,3,cue_associated,3,specific_case_detail
C186,1,7,14,no_cue,1,other,3,
C186,1,8,11,no_cue,2,intended,3,
C186,1,9,8,no_cue,3,intended,3,
C186,1,10,23,no_cue,2,intended,3,
C186,1,11,6,cue,2,other,3,
C186,1,12,97,no_cue,4,intended,3,
C186,1,13,9,cue,1,cue_associated,4,specific_case_detail
C186,1,14,28,no_cue,4,intended,3,
C186,1,15,5,no_cue,3,intended,3,
C186,1,16,1,no_cue,1,intended,3,
C186,1,17,2,cue,1,intended,3,
C186,1,18,68,no_cue,2,intended,3,
C186,1,19,21,no_cue,3,intended,3,
C186,1,20,26,cue,3,cue_associated,3,specific_case_detail
C186,1,21,31,cue,1,cue_associated,3,specific_case_detail
C186,1,22,12,cue,4,cue_associated,3,specific_case_detail
C186,1,23,2,no_cue,4,intended,4,
C186,1,24,18,no_cue,4,intended,3,
C151,5,1,18,no_cue,4,intended,4,
C151,5,2,22,cue,1,cue_associated,5,most_probable
C151,5,3,5,no_cue,3,intended,5,
C151,5,4,1,no_cue,1,intended,5,
C151,5,5,12,cue,4,cue_associated,5,most_probable
C151,5,6,16,cue,3,other,4,
C151,5,7,26,cue,3,cue_associated,5,most_probable
C151,5,8,2,cue,1,intended,4,
C151,5,9,19,cue,2,intended,4,
C151,5,10,14,no_cue,1,intended,4,
C151,5,11,11,no_cue,2,other,4,
C151,5,12,31,cue,1,intended,5,
C151,5,13,28,no_cue,4,intended,5,
C151,5,14,23,no_cue,2,intended,5,
C151,5,15,68,no_cue,2,intended,5,
C151,5,16,6,cue,2,cue_associated,5,most_probable
C151,5,17,1,cue,2,intended,5,
C151,5,18,5,cue,4,cue_associated,5,most_probable
C151,5,19,97,no_cue,4,other,5,
C151,5,20,2,no_cue,4,intended,5,
C151,5,21,21,no_cue,3,intended,4,
C151,5,22,9,cue,1,intended,5,
C151,5,23,78,cue,3,cue_associated,5,most_probable
C151,5,24,8,no_cue,3,intended,5,
C698,4,1,2,cue,4,intended,3,
C698,4,2,11,cue,1,intended,4,
C698,4,3,12,no_cue,3,intended,4,
C698,4,4,28,cue,3,intended,4,
C698,4,5,16,no_cue,2,intended,4,
C698,4,6,22,no_cue,4,intended,4,
C698,4,7,97,cue,3,intended,4,
C698,4,8,21,cue,2,intended,4,
C698,4,9,68,cue,1,cue_associated,4,specific_case_detail
C698,4,10,6,no_cue,1,other,4,
C698,4,11,26,no_cue,2,other,4,
C698,4,12,1,cue,1,cue_associated,4,specific_case_detail
C698,4,13,18,cue,3,cue_associated,4,specific_case_detail
C698,4,14,5,cue,3,intended,4,
C698,4,15,14,cue,4,intended,4,
C698,4,16,23,cue,1,intended,4,
C698,4,17,9,no_cue,4,intended,4,
C698,4,18,78,no_cue,2,other,4,
C698,4,19,8,cue,2,intended,4,
C698,4,20,5,no_cue,2,intended,4,
C698,4,21,1,no_cue,4,intended,4,
C698,4,22,31,no_cue,4,intended,4,
C698,4,23,19,no_cue,1,intended,4,
C698,4,24,2,no_cue,3,intended,4,
C348,1,1,2,cue,1,intended,4,
C348,1,2,26,cue,3,cue_associated,4,most_probable
C348,1,3,21,no_cue,3,intended,4,
C348,1,4,14,no_cue,1,intended,4,
C348,1,5,5,no_cue,3,intended,4,
C348,1,6,8,no_cue,3,intended,4,
C348,1,7,2,no_cue,4,intended,4,
C348,1,8,16,cue,3,cue_associated,4,most_probable
C348,1,9,1,cue,2,intended,4,
C348,1,10,68,no_cue,2,intended,4,
C348,1,11,19,cue,2,cue_associated,4,most_probable
C348,1,12,97,no_cue,4,intended,4,
C348,1,13,23,no_cue,2,intended,4,
C348,1,14,12,cue,4,cue_associated,4,most_probable
C348,1,15,9,cue,1,intended,4,
C348,1,16,5,cue,4,cue_associated,4,most_probable
C348,1,17,6,cue,2,cue_associated,4,most_probable
C348,1,18,11,no_cue,2,intended,4,
C348,1,19,22,cue,1,cue_associated,4,most_probable
C348,1,20,18,no_cue,4,other,4,
C348,1,21,1,no_cue,1,intended,3,
C348,1,22,31,cue,1,intended,4,
C348,1,23,28,no_cue,4,intended,3,
C348,1,24,78,cue,3,intended,4,
C847,2,1,5,cue,1,intended,4,
C847,2,2,2,cue,2,intended,4,
C847,2,3,16,no_cue,4,intended,4,
C847,2,4,31,no_cue,2,intended,4,
C847,2,5,9,no_cue,2,intended,5,
C847,2,6,19,no_cue,3,intended,5,
C847,2,7,28,cue,1,intended,4,
C847,2,8,14,cue,2,intended,4,
C847,2,9,1,no_cue,2,intended,5,
C847,2,10,8,cue,4,intended,5,
C847,2,11,97,cue,1,intended,5,
C847,2,12,26,no_cue,4,intended,5,
C847,2,13,68,cue,3,intended,4,
C847,2,14,11,cue,3,intended,5,
C847,2,15,21,cue,4,intended,5,
C847,2,16,6,no_cue,3,other,4,
C847,2,17,1,cue,3,intended,3,
C847,2,18,78,no_cue,4,intended,2,
C847,2,19,2,no_cue,1,intended,4,
C847,2,20,22,no_cue,2,intended,5,
C847,2,21,18,cue,1,cue_associated,2,specific_case_detail
C847,2,22,12,no_cue,1,intended,1,
C847,2,23,23,cue,3,intended,2,
C847,2,24,5,no_cue,4,intended,5,
C281,6,1,19,no_cue,3,intended,5,
C281,6,2,5,cue,1,intended,3,
C281,6,3,68,cue,3,intended,2,
C281,6,4,78,no_cue,4,intended,5,
C281,6,5,26,no_cue,4,intended,5,
C281,6,6,8,cue,4,other,4,
C281,6,7,2,cue,2,intended,5,
C281,6,8,31,no_cue,2,other,4,
C281,6,9,12,no_cue,1,intended,5,
C281,6,10,1,no_cue,2,intended,5,
C281,6,11,11,cue,3,intended,5,
C281,6,12,97,cue,1,other,3,
C281,6,13,18,cue,1,intended,5,
C281,6,14,9,no_cue,2,intended,5,
C281,6,15,21,cue,4,intended,5,
C281,6,16,5,no_cue,4,intended,5,
C281,6,17,1,cue,3,intended,5,
C281,6,18,23,cue,3,intended,3,
C281,6,19,16,no_cue,4,intended,4,
C281,6,20,22,no_cue,2,intended,5,
C281,6,21,28,cue,1,intended,4,
C281,6,22,2,no_cue,1,intended,5,
C281,6,23,14,cue,2,other,4,
C281,6,24,6,no_cue,3,intended,4,
C127,1,1,23,no_cue,2,intended,4,
C127,1,2,16,cue,3,other,3,
C127,1,3,31,cue,1,cue_associated,3,specific_case_detail
C127,1,4,12,cue,4,cue_associated,3,uncertain
C127,1,5,68,no_cue,2,intended,4,
C127,1,6,11,no_cue,2,intended,5,
C127,1,7,28,no_cue,4,intended,4,
C127,1,8,5,no_cue,3,intended,5,
C127,1,9,18,no_cue,4,intended,4,
C127,1,10,1,no_cue,1,intended,4,
C127,1,11,9,cue,1,other,3,
C127,1,12,19,cue,2,intended,4,
C127,1,13,78,cue,3,cue_associated,4,most_probable
C127,1,14,2,no_cue,4,intended,5,
C127,1,15,5,cue,4,cue_associated,4,specific_case_detail
C127,1,16,14,no_cue,1,intended,4,
C127,1,17,97,no_cue,4,cue_associated,4,uncertain
C127,1,18,22,cue,1,other,4,
C127,1,19,8,no_cue,3,intended,4,
C127,1,20,2,cue,1,other,4,
C127,1,21,26,cue,3,cue_associated,4,specific_case_detail
C127,1,22,1,cue,2,cue_associated,4,specific_case_detail
C127,1,23,6,cue,2,cue_associated,4,specific_case_detail
C127,1,24,21,no_cue,3,intended,4,
C178,5,1,19,cue,2,intended,5,
C178,5,2,5,cue,4,intended,5,
C178,5,3,78,cue,3,intended,4,
C178,5,4,12,cue,4,intended,4,
C178,5,5,18,no_cue,4,intended,5,
C178,5,6,11,no_cue,2,intended,5,
C178,5,7,97,no_cue,4,intended,5,
C178,5,8,6,cue,2,intended,5,
C178,5,9,1,cue,2,intended,5,
C178,5,10,21,no_cue,3,intended,5,
C178,5,11,68,no_cue,2,intended,4,
C178,5,12,14,no_cue,1,intended,3,
C178,5,13,8,no_cue,3,intended,5,
C178,5,14,31,cue,1,other,3,
C178,5,15,2,cue,1,intended,5,
C178,5,16,22,cue,1,intended,4,
C178,5,17,28,no_cue,4,intended,5,
C178,5,18,5,no_cue,3,intended,5,
C178,5,19,9,cue,1,intended,4,
C178,5,20,23,no_cue,2,intended,5,
C178,5,21,1,no_cue,1,intended,5,
C178,5,22,2,no_cue,4,intended,5,
C178,5,23,26,cue,3,other,5,
C178,5,24,16,cue,3,intended,4,
C941,8,1,31,no_cue,4,intended,4,
C941,8,2,78,no_cue,2,intended,5,
C941,8,3,97,cue,3,other,4,
C941,8,4,26,no_cue,2,other,5,
C941,8,5,11,cue,1,intended,4,
C941,8,6,9,no_cue,4,intended,5,
C941,8,7,22,no_cue,4,intended,5,
C941,8,8,1,cue,1,intended,5,
C941,8,9,23,cue,1,intended,5,
C941,8,10,5,cue,3,intended,4,
C941,8,11,28,cue,3,other,4,
C941,8,12,2,cue,4,intended,5,
C941,8,13,21,cue,2,intended,4,
C941,8,14,14,cue,4,intended,5,
C941,8,15,16,no_cue,2,intended,5,
C941,8,16,18,cue,3,other,4,
C941,8,17,68,cue,1,other,4,
C941,8,18,2,no_cue,3,intended,5,
C941,8,19,8,cue,2,other,5,
C941,8,20,19,no_cue,1,intended,5,
C941,8,21,5,no_cue,2,intended,5,
C941,8,22,1,no_cue,4,intended,5,
C941,8,23,6,no_cue,1,intended,5,
C941,8,24,12,no_cue,3,intended,5,
C645,7,1,26,cue,1,other,5,
C645,7,2,16,cue,1,intended,4,
C645,7,3,1,cue,4,intended,4,
C645,7,4,18,no_cue,2,intended,5,
C645,7,5,12,cue,2,intended,4,
C645,7,6,2,no_cue,2,intended,5,
C645,7,7,19,cue,4,intended,4,
C645,7,8,97,no_cue,2,intended,4,
C645,7,9,28,no_cue,2,intended,4,
C645,7,10,9,cue,3,other,4,
C645,7,11,5,cue,2,intended,3,
C645,7,12,78,cue,1,intended,4,
C645,7,13,2,cue,3,other,3,
C645,7,14,14,no_cue,3,intended,4,
C645,7,15,1,no_cue,3,intended,5,
C645,7,16,8,no_cue,1,intended,5,
C645,7,17,6,cue,4,intended,5,
C645,7,18,21,no_cue,1,intended,5,
C645,7,19,68,no_cue,4,intended,5,
C645,7,20,23,no_cue,4,intended,5,
C645,7,21,31,cue,3,intended,4,
C645,7,22,11,no_cue,4,intended,5,
C645,7,23,22,cue,3,intended,5,
C645,7,24,5,no_cue,1,intended,5,
C836,5,1,12,cue,4,intended,4,
C836,5,2,78,cue,3,intended,4,
C836,5,3,5,no_cue,3,intended,5,
C836,5,4,9,cue,1,intended,5,
C836,5,5,31,cue,1,cue_associated,3,specific_case_detail
C836,5,6,11,no_cue,2,intended,5,
C836,5,7,16,cue,3,intended,5,
C836,5,8,97,no_cue,4,intended,5,
C836,5,9,6,cue,2,intended,5,
C836,5,10,68,no_cue,2,intended,5,
C836,5,11,28,no_cue,4,intended,5,
C836,5,12,1,no_cue,1,intended,5,
C836,5,13,2,cue,1,intended,5,
C836,5,14,14,no_cue,1,intended,5,
C836,5,15,19,cue,2,intended,5,
C836,5,16,8,no_cue,3,intended,5,
C836,5,17,23,no_cue,2,intended,5,
C836,5,18,5,cue,4,intended,4,
C836,5,19,1,cue,2,intended,4,
C836,5,20,22,cue,1,intended,5,
C836,5,21,18,no_cue,4,intended,5,
C836,5,22,2,no_cue,4,intended,5,
C836,5,23,26,cue,3,other,4,
C836,5,24,21,no_cue,3,intended,5,
C988,6,1,5,cue,1,intended,3,
C988,6,2,68,cue,3,other,4,
C988,6,3,78,no_cue,4,intended,4,
C988,6,4,1,cue,3,intended,3,
C988,6,5,23,cue,3,intended,4,
C988,6,6,6,no_cue,3,intended,5,
C988,6,7,9,no_cue,2,intended,5,
C988,6,8,11,cue,3,intended,4,
C988,6,9,97,cue,1,cue_associated,4,specific_case_detail
C988,6,10,31,no_cue,2,intended,5,
C988,6,11,28,cue,1,intended,3,
C988,6,12,1,no_cue,2,intended,5,
C988,6,13,2,no_cue,1,intended,5,
C988,6,14,16,no_cue,4,intended,5,
C988,6,15,14,cue,2,intended,5,
C988,6,16,8,cue,4,intended,3,
C988,6,17,18,cue,1,intended,4,
C988,6,18,19,no_cue,3,intended,5,
C988,6,19,12,no_cue,1,intended,4,
C988,6,20,5,no_cue,4,intended,5,
C988,6,21,21,cue,4,intended,4,
C988,6,22,26,no_cue,4,intended,5,
C988,6,23,2,cue,2,intended,4,
C988,6,24,22,no_cue,2,intended,5,
C140,3,1,23,no_cue,4,intended,5,
C140,3,2,2,cue,3,intended,5,
C140,3,3,12,cue,2,intended,4,
C140,3,4,9,cue,3,other,3,
C140,3,5,22,cue,3,intended,4,
C140,3,6,68,no_cue,4,intended,5,
C140,3,7,31,cue,3,cue_associated,4,specific_case_detail
C140,3,8,1,cue,4,intended,4,
C140,3,9,78,cue,1,intended,4,
C140,3,10,14,no_cue,3,intended,5,
C140,3,11,6,cue,4,intended,3,
C140,3,12,11,no_cue,4,intended,5,
C140,3,13,5,cue,2,intended,3,
C140,3,14,28,no_cue,2,intended,5,
C140,3,15,26,cue,1,intended,3,
C140,3,16,8,no_cue,1,intended,4,
C140,3,17,18,no_cue,2,intended,5,
C140,3,18,1,no_cue,3,intended,5,
C140,3,19,19,cue,4,intended,3,
C140,3,20,97,no_cue,2,intended,5,
C140,3,21,21,no_cue,1,intended,5,
C140,3,22,5,no_cue,1,intended,5,
C140,3,23,2,no_cue,2,intended,5,
C140,3,24,16,cue,1,intended,5,
C680,5,1,8,no_cue,3,intended,5,
C680,5,2,14,no_cue,1,intended,5,
C680,5,3,1,cue,2,intended,4,
C680,5,4,28,no_cue,4,intended,5,
C680,5,5,5,cue,4,intended,3,
C680,5,6,6,cue,2,intended,4,
C680,5,7,18,no_cue,4,intended,4,
C680,5,8,97,no_cue,4,intended,4,
C680,5,9,2,cue,1,intended,4,
C680,5,10,78,cue,3,intended,3,
C680,5,11,22,cue,1,intended,4,
C680,5,12,5,no_cue,3,intended,5,
C680,5,13,21,no_cue,3,intended,5,
C680,5,14,11,no_cue,2,intended,5,
C680,5,15,12,cue,4,intended,5,
C680,5,16,31,cue,1,intended,3,
C680,5,17,2,no_cue,4,intended,5,
C680,5,18,16,cue,3,intended,4,
C680,5,19,23,no_cue,2,intended,5,
C680,5,20,68,no_cue,2,intended,4,
C680,5,21,19,cue,2,intended,5,
C680,5,22,9,cue,1,other,4,
C680,5,23,1,no_cue,1,intended,5,
C680,5,24,26,cue,3,other,4,
C875,3,1,26,cue,1,other,3,
C875,3,2,31,cue,3,cue_associated,3,specific_case_detail
C875,3,3,23,no_cue,4,intended,5,
C875,3,4,1,no_cue,3,intended,5,
C875,3,5,6,cue,4,intended,4,
C875,3,6,5,no_cue,1,intended,5,
C875,3,7,12,cue,2,intended,4,
C875,3,8,11,no_cue,4,intended,5,
C875,3,9,18,no_cue,2,intended,5,
C875,3,10,78,cue,1,intended,3,
C875,3,11,97,no_cue,2,intended,5,
C875,3,12,2,no_cue,2,intended,5,
C875,3,13,21,no_cue,1,intended,5,
C875,3,14,9,cue,3,intended,4,
C875,3,15,16,cue,1,intended,5,
C875,3,16,5,cue,2,intended,5,
C875,3,17,22,cue,3,intended,4,
C875,3,18,68,no_cue,4,intended,5,
C875,3,19,8,no_cue,1,intended,5,
C875,3,20,19,cue,4,intended,5,
C875,3,21,14,no_cue,3,intended,5,
C875,3,22,2,cue,3,intended,4,
C875,3,23,1,cue,4,intended,4,
C875,3,24,28,no_cue,2,intended,4,
C484,8,1,23,cue,1,intended,3,
C484,8,2,6,no_cue,1,other,3,
C484,8,3,5,cue,3,cue_associated,3,rule_out
C484,8,4,19,no_cue,1,cue_associated,3,most_probable
C484,8,5,97,cue,3,intended,4,
C484,8,6,1,cue,1,cue_associated,3,specific_case_detail
C484,8,7,14,cue,4,intended,3,
C484,8,8,8,cue,2,cue_associated,3,specific_case_detail
C484,8,9,22,no_cue,4,intended,3,
C484,8,10,18,cue,3,cue_associated,3,uncertain
C484,8,11,68,cue,1,other,1,
C484,8,12,2,cue,4,other,3,
C484,8,13,26,no_cue,2,intended,3,
C484,8,14,9,no_cue,4,intended,3,
C484,8,15,1,no_cue,4,other,3,
C484,8,16,12,no_cue,3,intended,3,
C484,8,17,5,no_cue,2,intended,3,
C484,8,18,11,cue,1,other,3,
C484,8,19,31,no_cue,4,cue_associated,3,rule_out
C484,8,20,78,no_cue,2,other,5,
C484,8,21,2,no_cue,3,other,2,
C484,8,22,28,cue,3,cue_associated,2,specific_case_detail
C484,8,23,16,no_cue,2,other,3,
C484,8,24,21,cue,2,cue_associated,2,uncertain
C987,4,1,26,no_cue,2,intended,3,
C987,4,2,21,cue,2,other,3,
C987,4,3,22,no_cue,4,intended,2,
C987,4,4,11,cue,1,intended,4,
C987,4,5,6,no_cue,1,other,5,
C987,4,6,28,cue,3,other,2,
C987,4,7,97,cue,3,intended,5,
C987,4,8,19,no_cue,1,intended,4,
C987,4,9,78,no_cue,2,other,3,
C987,4,10,1,cue,1,cue_associated,4,specific_case_detail
C987,4,11,5,cue,3,cue_associated,3,specific_case_detail
C987,4,12,14,cue,4,other,3,
C987,4,13,2,no_cue,3,other,3,
C987,4,14,12,no_cue,3,intended,3,
C987,4,15,8,cue,2,cue_associated,3,specific_case_detail
C987,4,16,68,cue,1,intended,3,
C987,4,17,31,no_cue,4,intended,1,
C987,4,18,1,no_cue,4,intended,3,
C987,4,19,5,no_cue,2,intended,4,
C987,4,20,9,no_cue,4,other,2,
C987,4,21,23,cue,1,other,3,
C987,4,22,16,no_cue,2,intended,2,
C987,4,23,2,cue,4,other,4,
C987,4,24,18,cue,3,cue_associated,4,most_probable
C383,6,1,9,no_cue,2,intended,3,
C383,6,2,6,no_cue,3,other,3,
C383,6,3,26,no_cue,4,intended,3,
C383,6,4,2,no_cue,1,intended,3,
C383,6,5,23,cue,3,cue_associated,3,most_probable
C383,6,6,97,cue,1,intended,3,
C383,6,7,5,cue,1,cue_associated,3,most_probable
C383,6,8,68,cue,3,intended,3,
C383,6,9,22,no_cue,2,other,3,
C383,6,10,14,cue,2,cue_associated,3,most_probable
C383,6,11,19,no_cue,3,intended,3,
C383,6,12,21,cue,4,cue_associated,5,most_probable
C383,6,13,12,no_cue,1,intended,5,
C383,6,14,18,cue,1,cue_associated,5,most_probable
C383,6,15,1,cue,3,other,3,
C383,6,16,16,no_cue,4,intended,5,
C383,6,17,8,cue,4,cue_associated,5,most_probable
C383,6,18,28,cue,1,cue_associated,5,most_probable
C383,6,19,31,no_cue,2,intended,3,
C383,6,20,78,no_cue,4,intended,5,
C383,6,21,1,no_cue,2,intended,3,
C383,6,22,11,cue,3,cue_associated,5,most_probable
C383,6,23,2,cue,2,other,5,
C383,6,24,5,no_cue,4,intended,5,
C759,1,1,5,cue,4,cue_associated,3,specific_case_detail
C759,1,2,21,no_cue,3,intended,4,
C759,1,3,26,cue,3,intended,3,
C759,1,4,68,no_cue,2,intended,3,
C759,1,5,14,no_cue,1,intended,3,
C759,1,6,9,cue,1,other,4,
C759,1,7,5,no_cue,3,intended,3,
C759,1,8,31,cue,1,intended,2,
C759,1,9,2,no_cue,4,other,4,
C759,1,10,28,no_cue,4,intended,3,
C759,1,11,1,no_cue,1,intended,3,
C759,1,12,12,cue,4,cue_associated,3,specific_case_detail
C759,1,13,11,no_cue,2,intended,3,
C759,1,14,18,no_cue,4,intended,3,
C759,1,15,8,no_cue,3,intended,3,
C759,1,16,6,cue,2,other,3,
C759,1,17,1,cue,2,intended,3,
C759,1,18,16,cue,3,intended,3,
C759,1,19,22,cue,1,intended,3,
C759,1,20,19,cue,2,intended,3,
C759,1,21,23,no_cue,2,intended,3,
C759,1,22,97,no_cue,4,intended,3,
C759,1,23,2,cue,1,other,3,
C759,1,24,78,cue,3,other,3,
C609,7,1,1,no_cue,3,intended,3,
C609,7,2,26,cue,1,intended,3,
C609,7,3,2,no_cue,2,other,3,
C609,7,4,97,no_cue,2,intended,3,
C609,7,5,78,cue,1,other,3,
C609,7,6,11,no_cue,4,other,3,
C609,7,7,16,cue,1,intended,3,
C609,7,8,12,cue,2,other,3,
C609,7,9,31,cue,3,cue_associated,3,most_probable
C609,7,10,2,cue,3,other,3,
C609,7,11,28,no_cue,2,intended,3,
C609,7,12,22,cue,3,cue_associated,3,most_probable
C609,7,13,18,no_cue,2,other,3,
C609,7,14,8,no_cue,1,intended,3,
C609,7,15,6,cue,4,cue_associated,3,most_probable
C609,7,16,23,no_cue,4,intended,3,
C609,7,17,21,no_cue,1,other,3,
C609,7,18,5,no_cue,1,other,3,
C609,7,19,14,no_cue,3,intended,3,
C609,7,20,19,cue,4,other,3,
C609,7,21,1,cue,4,intended,3,
C609,7,22,68,no_cue,4,intended,3,
C609,7,23,9,cue,3,other,3,
C609,7,24,5,cue,2,other,3,
C528,5,1,5,cue,4,intended,3,
C528,5,2,31,cue,1,cue_associated,4,specific_case_detail
C528,5,3,1,no_cue,1,intended,5,
C528,5,4,6,cue,2,other,2,
C528,5,5,2,no_cue,4,intended,4,
C528,5,6,19,cue,2,intended,4,
C528,5,7,68,no_cue,2,intended,3,
C528,5,8,28,no_cue,4,intended,5,
C528,5,9,11,no_cue,2,intended,5,
C528,5,10,12,cue,4,intended,3,
C528,5,11,5,no_cue,3,other,3,
C528,5,12,18,no_cue,4,intended,4,
C528,5,13,23,no_cue,2,intended,4,
C528,5,14,78,cue,3,cue_associated,4,specific_case_detail
C528,5,15,21,no_cue,3,intended,5,
C528,5,16,22,cue,1,intended,4,
C528,5,17,16,cue,3,intended,4,
C528,5,18,8,no_cue,3,intended,5,
C528,5,19,14,no_cue,1,intended,5,
C528,5,20,2,cue,1,intended,3,
C528,5,21,26,cue,3,other,3,
C528,5,22,1,cue,2,intended,3,
C528,5,23,9,cue,1,other,4,
C528,5,24,97,no_cue,4,intended,4,
C829,3,1,5,cue,2,other,3,
C829,3,2,28,no_cue,2,intended,5,
C829,3,3,1,cue,4,intended,3,
C829,3,4,22,cue,3,intended,5,
C829,3,5,68,no_cue,4,intended,5,
C829,3,6,6,cue,4,other,3,
C829,3,7,2,no_cue,2,intended,5,
C829,3,8,11,no_cue,4,intended,5,
C829,3,9,18,no_cue,2,intended,5,
C829,3,10,97,no_cue,2,intended,4,
C829,3,11,16,cue,1,intended,4,
C829,3,12,9,cue,3,intended,3,
C829,3,13,78,cue,1,intended,3,
C829,3,14,14,no_cue,3,intended,5,
C829,3,15,19,cue,4,intended,5,
C829,3,16,26,cue,1,other,1,
C829,3,17,2,cue,3,other,3,
C829,3,18,8,no_cue,1,intended,5,
C829,3,19,1,no_cue,3,intended,5,
C829,3,20,5,no_cue,1,intended,5,
C829,3,21,12,cue,2,intended,4,
C829,3,22,21,no_cue,1,intended,5,
C829,3,23,31,cue,3,cue_associated,3,specific_case_detail
C829,3,24,23,no_cue,4,intended,5,
C147,2,1,31,no_cue,2,intended,5,
C147,2,2,6,no_cue,3,intended,5,
C147,2,3,97,cue,1,cue_associated,4,specific_case_detail
C147,2,4,12,no_cue,1,intended,5,
C147,2,5,16,no_cue,4,intended,5,
C147,2,6,22,no_cue,2,intended,5,
C147,2,7,11,cue,3,intended,4,
C147,2,8,18,cue,1,intended,4,
C147,2,9,1,cue,3,intended,3,
C147,2,10,5,cue,1,intended,2,
C147,2,11,28,cue,1,other,3,
C147,2,12,26,no_cue,4,intended,5,
C147,2,13,2,cue,2,intended,4,
C147,2,14,68,cue,3,intended,5,
C147,2,15,19,no_cue,3,intended,5,
C147,2,16,21,cue,4,intended,4,
C147,2,17,9,no_cue,2,intended,5,
C147,2,18,14,cue,2,intended,4,
C147,2,19,23,cue,3,intended,4,
C147,2,20,8,cue,4,intended,3,
C147,2,21,2,no_cue,1,intended,5,
C147,2,22,1,no_cue,2,intended,5,
C147,2,23,78,no_cue,4,intended,5,
C147,2,24,5,no_cue,4,intended,5,
C573,4,1,9,no_cue,4,intended,5,
C573,4,2,19,no_cue,1,intended,5,
C573,4,3,2,no_cue,3,intended,5,
C573,4,4,1,no_cue,4,intended,5,
C573,4,5,6,no_cue,1,intended,5,
C573,4,6,31,no_cue,4,intended,4,
C573,4,7,5,cue,3,intended,3,
C573,4,8,23,cue,1,intended,4,
C573,4,9,2,cue,4,intended,4,
C573,4,10,97,cue,3,intended,4,
C573,4,11,21,cue,2,intended,5,
C573,4,12,16,no_cue,2,intended,5,
C573,4,13,28,cue,3,intended,3,
C573,4,14,14,cue,4,intended,3,
C573,4,15,1,cue,1,intended,4,
C573,4,16,18,cue,3,intended,3,
C573,4,17,22,no_cue,4,intended,5,
C573,4,18,68,cue,1,intended,4,
C573,4,19,8,cue,2,intended,3,
C573,4,20,78,no_cue,2,intended,5,
C573,4,21,12,no_cue,3,intended,5,
C573,4,22,11,cue,1,intended,3,
C573,4,23,5,no_cue,2,intended,5,
C573,4,24,26,no_cue,2,intended,5,
C578,2,1,6,no_cue,3,intended,3,
C578,2,2,68,cue,3,intended,4,
C578,2,3,26,no_cue,4,intended,3,
C578,2,4,5,no_cue,4,intended,4,
C578,2,5,21,cue,4,intended,4,
C578,2,6,28,cue,1,intended,4,
C578,2,7,97,cue,1,intended,3,
C578,2,8,18,cue,1,intended,4,
C578,2,9,9,no_cue,2,intended,4,
C578,2,10,22,no_cue,2,intended,4,
C578,2,11,12,no_cue,1,intended,3,
C578,2,12,1,cue,3,intended,4,
C578,2,13,16,no_cue,4,intended,4,
C578,2,14,5,cue,1,intended,4,
C578,2,15,2,cue,2,other,3,
C578,2,16,23,cue,3,intended,3,
C578,2,17,14,cue,2,intended,3,
C578,2,18,78,no_cue,4,intended,4,
C578,2,19,1,no_cue,2,intended,4,
C578,2,20,11,cue,3,other,4,
C578,2,21,31,no_cue,2,intended,4,
C578,2,22,19,no_cue,3,intended,4,
C578,2,23,8,cue,4,intended,4,
C578,2,24,2,no_cue,1,intended,3,
C457,6,1,12,no_cue,1,cue_associated,3,specific_case_detail
C457,6,2,5,cue,1,cue_associated,3,specific_case_detail
C457,6,3,26,no_cue,4,intended,5,
C457,6,4,2,cue,2,other,5,
C457,6,5,22,no_cue,2,intended,5,
C457,6,6,21,cue,4,cue_associated,3,specific_case_detail
C457,6,7,31,no_cue,2,intended,3,
C457,6,8,18,cue,1,intended,4,
C457,6,9,1,no_cue,2,intended,5,
C457,6,10,2,no_cue,1,intended,5,
C457,6,11,6,no_cue,3,other,3,
C457,6,12,97,cue,1,intended,3,
C457,6,13,11,cue,3,intended,4,
C457,6,14,8,cue,4,cue_associated,3,specific_case_detail
C457,6,15,1,cue,3,cue_associated,3,specific_case_detail
C457,6,16,28,cue,1,intended,3,
C457,6,17,19,no_cue,3,other,3,
C457,6,18,23,cue,3,intended,3,
C457,6,19,78,no_cue,4,intended,3,
C457,6,20,9,no_cue,2,intended,3,
C457,6,21,14,cue,2,cue_associated,3,specific_case_detail
C457,6,22,16,no_cue,4,intended,3,
C457,6,23,5,no_cue,4,intended,3,
C457,6,24,68,cue,3,intended,5,
C962,1,1,5,no_cue,3,other,4,
C962,1,2,68,no_cue,2,intended,3,
C962,1,3,1,no_cue,1,other,4,
C962,1,4,9,cue,1,cue_associated,4,most_probable
C962,1,5,2,no_cue,4,intended,2,
C962,1,6,14,no_cue,1,other,3,
C962,1,7,6,cue,2,cue_associated,4,most_probable
C962,1,8,31,cue,1,cue_associated,3,specific_case_detail
C962,1,9,28,no_cue,4,intended,3,
C962,1,10,1,cue,2,cue_associated,3,most_probable
C962,1,11,22,cue,1,cue_associated,3,specific_case_detail
C962,1,12,97,no_cue,4,intended,4,
C962,1,13,23,no_cue,2,other,3,
C962,1,14,18,no_cue,4,intended,3,
C962,1,15,12,cue,4,cue_associated,5,specific_case_detail
C962,1,16,5,cue,4,cue_associated,4,specific_case_detail
C962,1,17,16,cue,3,other,4,
C962,1,18,78,cue,3,cue_associated,1,uncertain
C962,1,19,11,no_cue,2,intended,3,
C962,1,20,26,cue,3,cue_associated,4,specific_case_detail
C962,1,21,21,no_cue,3,other,4,
C962,1,22,19,cue,2,cue_associated,3,specific_case_detail
C962,1,23,8,no_cue,3,intended,4,
C962,1,24,2,cue,1,other,4,
C107,1,1,1,no_cue,1,intended,3,
C107,1,2,9,cue,1,intended,3,
C107,1,3,26,cue,3,intended,3,
C107,1,4,21,no_cue,3,intended,4,
C107,1,5,97,no_cue,4,intended,4,
C107,1,6,11,no_cue,2,other,4,
C107,1,7,23,no_cue,2,intended,4,
C107,1,8,5,cue,4,intended,3,
C107,1,9,16,cue,3,intended,4,
C107,1,10,2,cue,1,other,5,
C107,1,11,68,no_cue,2,intended,4,
C107,1,12,8,no_cue,3,intended,4,
C107,1,13,19,cue,2,intended,4,
C107,1,14,6,cue,2,intended,3,
C107,1,15,22,cue,1,intended,4,
C107,1,16,18,no_cue,4,intended,5,
C107,1,17,1,cue,2,intended,3,
C107,1,18,12,cue,4,intended,3,
C107,1,19,5,no_cue,3,intended,3,
C107,1,20,14,no_cue,1,intended,4,
C107,1,21,2,no_cue,4,intended,4,
C107,1,22,78,cue,3,intended,4,
C107,1,23,31,cue,1,intended,4,
C107,1,24,28,no_cue,4,intended,3,
C515,8,1,19,no_cue,1,intended,3,
C515,8,2,9,no_cue,4,other,3,
C515,8,3,2,no_cue,3,other,3,
C515,8,4,5,cue,3,cue_associated,3,specific_case_detail
C515,8,5,26,no_cue,2,intended,3,
C515,8,6,97,cue,3,cue_associated,3,most_probable
C515,8,7,1,cue,1,cue_associated,3,specific_case_detail
C515,8,8,21,cue,2,cue_associated,3,specific_case_detail
C515,8,9,16,no_cue,2,other,3,
C515,8,10,8,cue,2,cue_associated,3,specific_case_detail
C515,8,11,12,no_cue,3,intended,3,
C515,8,12,14,cue,4,other,3,
C515,8,13,78,no_cue,2,other,3,
C515,8,14,11,cue,1,cue_associated,3,specific_case_detail
C515,8,15,28,cue,3,intended,3,
C515,8,16,22,no_cue,4,other,3,
C515,8,17,23,cue,1,other,3,
C515,8,18,6,no_cue,1,other,3,
C515,8,19,2,cue,4,other,3,
C515,8,20,5,no_cue,2,intended,3,
C515,8,21,31,no_cue,4,intended,3,
C515,8,22,68,cue,1,cue_associated,3,rule_out
C515,8,23,1,no_cue,4,intended,3,
C515,8,24,18,cue,3,cue_associated,3,specific_case_detail
C540,2,1,14,cue,2,intended,4,
C540,2,2,8,cue,4,cue_associated,4,specific_case_detail
C540,2,3,97,cue,1,cue_associated,5,most_probable
C540,2,4,19,no_cue,3,intended,4,
C540,2,5,6,no_cue,3,other,4,
C540,2,6,2,no_cue,1,intended,5,
C540,2,7,68,cue,3,intended,4,
C540,2,8,12,no_cue,1,intended,4,
C540,2,9,21,cue,4,cue_associated,4,most_probable
C540,2,10,18,cue,1,cue_associated,4,most_probable
C540,2,11,1,no_cue,2,intended,4,
C540,2,12,11,cue,3,intended,4,
C540,2,13,5,cue,1,cue_associated,4,most_probable
C540,2,14,26,no_cue,4,intended,4,
C540,2,15,9,no_cue,2,intended,4,
C540,2,16,22,no_cue,2,intended,4,
C540,2,17,78,no_cue,4,intended,4,
C540,2,18,28,cue,1,intended,4,
C540,2,19,1,cue,3,intended,4,
C540,2,20,5,no_cue,4,intended,4,
C540,2,21,23,cue,3,intended,4,
C540,2,22,16,no_cue,4,intended,4,
C540,2,23,31,no_cue,2,intended,4,
C540,2,24,2,cue,2,intended,4,
C755,1,1,78,cue,3,cue_associated,3,most_probable
C755,1,2,28,no_cue,4,intended,3,
C755,1,3,23,no_cue,2,other,3,
C755,1,4,22,cue,1,other,3,
C755,1,5,14,no_cue,1,intended,3,
C755,1,6,8,no_cue,3,intended,3,
C755,1,7,1,no_cue,1,intended,3,
C755,1,8,18,no_cue,4,intended,3,
C755,1,9,12,cue,4,cue_associated,3,most_probable
C755,1,10,9,cue,1,cue_associated,3,most_probable
C755,1,11,6,cue,2,cue_associated,3,specific_case_detail
C755,1,12,5,cue,4,cue_associated,3,most_probable
C755,1,13,97,no_cue,4,intended,3,
C755,1,14,1,cue,2,cue_associated,3,specific_case_detail
C755,1,15,2,cue,1,other,3,
C755,1,16,11,no_cue,2,intended,3,
C755,1,17,21,no_cue,3,intended,3,
C755,1,18,5,no_cue,3,intended,3,
C755,1,19,68,no_cue,2,intended,3,
C755,1,20,16,cue,3,cue_associated,3,specific_case_detail
C755,1,21,26,cue,3,cue_associated,3,uncertain
C755,1,22,19,cue,2,cue_associated,3,most_probable
C755,1,23,31,cue,1,intended,3,
C755,1,24,2,no_cue,4,cue_associated,3,specific_case_detail
C429,6,1,19,no_cue,3,other,3,
C429,6,2,11,cue,3,intended,3,
C429,6,3,18,cue,1,cue_associated,3,most_probable
C429,6,4,9,no_cue,2,intended,3,
C429,6,5,6,no_cue,3,other,3,
C429,6,6,5,no_cue,4,intended,3,
C429,6,7,14,cue,2,cue_associated,3,most_probable
C429,6,8,68,cue,3,intended,3,
C429,6,9,28,cue,1,cue_associated,3,most_probable
C429,6,10,31,no_cue,2,intended,3,
C429,6,11,1,cue,3,cue_associated,3,most_probable
C429,6,12,2,no_cue,1,cue_associated,3,rule_out
C429,6,13,5,cue,1,cue_associated,3,most_probable
C429,6,14,97,cue,1,intended,3,
C429,6,15,16,no_cue,4,cue_associated,3,most_probable
C429,6,16,21,cue,4,cue_associated,3,most_probable
C429,6,17,12,no_cue,1,cue_associated,3,most_probable
C429,6,18,78,no_cue,4,intended,3,
C429,6,19,26,no_cue,4,intended,3,
C429,6,20,22,no_cue,2,intended,3,
C429,6,21,2,cue,2,cue_associated,3,most_probable
C429,6,22,1,no_cue,2,intended,3,
C429,6,23,8,cue,4,cue_associated,3,most_probable
C429,6,24,23,cue,3,cue_associated,3,most_probable
C613,2,1,1,cue,3,cue_associated,3,specific_case_detail
C613,2,2,8,cue,4,cue_associated,3,specific_case_detail
C613,2,3,22,no_cue,2,intended,3,
C613,2,4,68,cue,3,intended,3,
C613,2,5,12,no_cue,1,intended,3,
C613,2,6,5,cue,1,cue_associated,3,specific_case_detail
C613,2,7,31,no_cue,2,intended,3,
C613,2,8,78,no_cue,4,cue_associated,3,specific_case_detail
C613,2,9,18,cue,1,cue_associated,3,specific_case_detail
C613,2,10,19,no_cue,3,intended,3,
C613,2,11,97,cue,1,intended,3,
C613,2,12,2,no_cue,1,other,3,
C613,2,13,21,cue,4,cue_associated,3,specific_case_detail
C613,2,14,14,cue,2,intended,3,
C613,2,15,1,no_cue,2,intended,3,
C613,2,16,5,no_cue,4,intended,3,
C613,2,17,26,no_cue,4,intended,3,
C613,2,18,2,cue,2,other,3,
C613,2,19,6,no_cue,3,cue_associated,3,specific_case_detail
C613,2,20,28,cue,1,other,3,
C613,2,21,9,no_cue,2,intended,3,
C613,2,22,16,no_cue,4,other,3,
C613,2,23,23,cue,3,cue_associated,3,specific_case_detail
C613,2,24,11,cue,3,other,3,
C415,2,1,22,no_cue,2,intended,5,
C415,2,2,9,no_cue,2,intended,5,
C415,2,3,12,no_cue,1,intended,5,
C415,2,4,2,no_cue,1,intended,5,
C415,2,5,5,cue,1,intended,4,
C415,2,6,6,no_cue,3,intended,5,
C415,2,7,97,cue,1,intended,3,
C415,2,8,31,no_cue,2,intended,5,
C415,2,9,26,no_cue,4,intended,5,
C415,2,10,2,cue,2,intended,5,
C415,2,11,23,cue,3,intended,5,
C415,2,12,14,cue,2,intended,5,
C415,2,13,16,no_cue,4,intended,5,
C415,2,14,1,no_cue,2,intended,5,
C415,2,15,18,cue,1,other,4,
C415,2,16,68,cue,3,intended,5,
C415,2,17,78,no_cue,4,intended,5,
C415,2,18,8,cue,4,other,5,
C415,2,19,28,cue,1,other,4,
C415,2,20,11,cue,3,intended,4,
C415,2,21,1,cue,3,intended,5,
C415,2,22,19,no_cue,3,intended,5,
C415,2,23,21,cue,4,intended,4,
C415,2,24,5,no_cue,4,intended,5,
C122,8,1,97,cue,3,cue_associated,4,specific_case_detail
C122,8,2,6,no_cue,1,intended,5,
C122,8,3,31,no_cue,4,intended,4,
C122,8,4,18,cue,3,intended,5,
C122,8,5,8,cue,2,intended,3,
C122,8,6,23,cue,1,intended,5,
C122,8,7,5,no_cue,2,intended,5,
C122,8,8,68,cue,1,intended,5,
C122,8,9,2,cue,4,intended,5,
C122,8,10,22,no_cue,4,intended,5,
C122,8,11,26,no_cue,2,intended,5,
C122,8,12,12,no_cue,3,intended,5,
C122,8,13,19,no_cue,1,intended,5,
C122,8,14,1,no_cue,4,intended,5,
C122,8,15,9,no_cue,4,intended,5,
C122,8,16,28,cue,3,intended,4,
C122,8,17,21,cue,2,intended,4,
C122,8,18,11,cue,1,intended,3,
C122,8,19,5,cue,3,intended,3,
C122,8,20,14,cue,4,other,3,
C122,8,21,2,no_cue,3,intended,5,
C122,8,22,1,cue,1,intended,4,
C122,8,23,78,no_cue,2,intended,4,
C122,8,24,16,no_cue,2,intended,5,
C901,6,1,8,cue,4,cue_associated,3,specific_case_detail
C901,6,2,18,cue,1,cue_associated,4,specific_case_detail
C901,6,3,2,cue,2,other,4,
C901,6,4,31,no_cue,2,intended,3,
C901,6,5,6,no_cue,3,intended,4,
C901,6,6,14,cue,2,other,3,
C901,6,7,5,cue,1,cue_associated,3,specific_case_detail
C901,6,8,9,no_cue,2,intended,3,
C901,6,9,1,no_cue,2,other,4,
C901,6,10,22,no_cue,2,other,4,
C901,6,11,28,cue,1,cue_associated,3,specific_case_detail
C901,6,12,23,cue,3,intended,3,
C901,6,13,11,cue,3,intended,3,
C901,6,14,12,no_cue,1,intended,3,
C901,6,15,5,no_cue,4,intended,3,
C901,6,16,21,cue,4,cue_associated,3,specific_case_detail
C901,6,17,2,no_cue,1,other,2,
C901,6,18,26,no_cue,4,intended,4,
C901,6,19,1,cue,3,cue_associated,3,specific_case_detail
C901,6,20,78,no_cue,4,other,4,
C901,6,21,68,cue,3,cue_associated,4,specific_case_detail
C901,6,22,19,no_cue,3,intended,3,
C901,6,23,97,cue,1,cue_associated,4,specific_case_detail
C901,6,24,16,no_cue,4,other,4,
C824,6,1,2,no_cue,1,other,3,
C824,6,2,11,cue,3,cue_associated,3,specific_case_detail
C824,6,3,1,no_cue,2,intended,3,
C824,6,4,19,no_cue,3,intended,2,
C824,6,5,21,cue,4,cue_associated,3,specific_case_detail
C824,6,6,9,no_cue,2,intended,3,
C824,6,7,28,cue,1,cue_associated,3,specific_case_detail
C824,6,8,5,cue,1,cue_associated,3,specific_case_detail
C824,6,9,18,cue,1,cue_associated,3,specific_case_detail
C824,6,10,78,no_cue,4,other,3,
C824,6,11,68,cue,3,cue_associated,3,specific_case_detail
C824,6,12,14,cue,2,cue_associated,3,specific_case_detail
C824,6,13,1,cue,3,cue_associated,3,specific_case_detail
C824,6,14,2,cue,2,intended,3,
C824,6,15,22,no_cue,2,intended,3,
C824,6,16,16,no_cue,4,other,1,
C824,6,17,23,cue,3,cue_associated,3,specific_case_detail
C824,6,18,6,no_cue,3,cue_associated,3,most_probable
C824,6,19,26,no_cue,4,intended,3,
C824,6,20,8,cue,4,cue_associated,3,specific_case_detail
C824,6,21,31,no_cue,2,intended,3,
C824,6,22,12,no_cue,1,intended,3,
C824,6,23,5,no_cue,4,other,3,
C824,6,24,97,cue,1,intended,3,
C932,6,1,78,no_cue,4,intended,5,
C932,6,2,6,no_cue,3,intended,5,
C932,6,3,1,no_cue,2,intended,5,
C932,6,4,14,cue,2,other,2,
C932,6,5,8,cue,4,cue_associated,2,specific_case_detail
C932,6,6,18,cue,1,other,4,
C932,6,7,9,no_cue,2,intended,5,
C932,6,8,16,no_cue,4,intended,5,
C932,6,9,19,no_cue,3,intended,5,
C932,6,10,1,cue,3,intended,4,
C932,6,11,5,no_cue,4,intended,5,
C932,6,12,26,no_cue,4,intended,5,
C932,6,13,97,cue,1,cue_associated,4,specific_case_detail
C932,6,14,22,no_cue,2,intended,5,
C932,6,15,28,cue,1,intended,5,
C932,6,16,2,cue,2,intended,5,
C932,6,17,31,no_cue,2,intended,3,
C932,6,18,21,cue,4,intended,4,
C932,6,19,12,no_cue,1,intended,5,
C932,6,20,5,cue,1,intended,4,
C932,6,21,11,cue,3,intended,5,
C932,6,22,2,no_cue,1,intended,5,
C932,6,23,68,cue,3,intended,5,
C932,6,24,23,cue,3,intended,5,
C166,1,1,11,no_cue,2,intended,5,
C166,1,2,1,no_cue,1,intended,5,
C166,1,3,22,cue,1,intended,5,
C166,1,4,8,no_cue,3,intended,5,
C166,1,5,2,no_cue,4,intended,5,
C166,1,6,5,cue,4,intended,4,
C166,1,7,9,cue,1,intended,4,
C166,1,8,1,cue,2,intended,5,
C166,1,9,23,no_cue,2,intended,5,
C166,1,10,6,cue,2,intended,5,
C166,1,11,21,no_cue,3,intended,5,
C166,1,12,19,cue,2,intended,5,
C166,1,13,26,cue,3,other,3,
C166,1,14,68,no_cue,2,intended,3,
C166,1,15,18,no_cue,4,intended,5,
C166,1,16,31,cue,1,cue_associated,3,specific_case_detail
C166,1,17,78,cue,3,intended,4,
C166,1,18,5,no_cue,3,intended,5,
C166,1,19,28,no_cue,4,intended,5,
C166,1,20,16,cue,3,intended,4,
C166,1,21,12,cue,4,intended,5,
C166,1,22,14,no_cue,1,intended,5,
C166,1,23,97,no_cue,4,intended,5,
C166,1,24,2,cue,1,intended,5,
