physician,family,version,p_intended,p_cue_associated,p_other_1,p_other_2,top_choice,close_or_undetermined,problem_flagged
A,10,no_cue,50,5,35,10,intended,0,0
A,7,no_cue,50,5,15,30,intended,0,0
A,18,cue,25,50,15,10,cue_associated,0,0
A,73,no_cue,25,25,25,25,intended,1,0
A,61,no_cue,35,35,20,10,intended,1,0
A,63,cue,15,35,30,20,cue_associated,1,0
A,40,no_cue,35,30,20,15,intended,1,0
A,96,cue,40,20,25,15,intended,0,0
A,74,no_cue,40,25,10,25,intended,0,0
A,48,no_cue,35,25,35,5,intended,1,0
A,6,cue,5,50,35,10,cue_associated,0,0
A,84,cue,55,30,0,15,intended,0,0
A,77,cue,30,45,20,5,cue_associated,0,0
A,11,cue,60,5,10,25,intended,0,0
A,56,cue,20,30,30,20,cue_associated,1,0
A,62,no_cue,75,10,15,0,intended,0,0
A,57,no_cue,45,20,30,5,intended,0,0
A,3,no_cue,35,10,25,30,intended,1,0
A,87,no_cue,30,40,5,25,cue_associated,1,0
A,58,no_cue,45,10,15,30,intended,0,0
A,15,cue,15,30,40,15,other_1,0,0
A,76,no_cue,30,30,30,10,other_1,1,0
A,24,no_cue,35,15,30,20,intended,1,0
A,95,no_cue,35,10,25,30,intended,1,0
A,32,no_cue,35,35,15,15,intended,1,0
A,90,cue,25,45,15,15,cue_associated,0,0
A,83,no_cue,30,10,30,30,other_2,1,0
A,93,cue,20,35,10,35,cue_associated,1,0
A,85,no_cue,35,30,25,10,intended,0,0
A,88,cue,45,40,5,10,intended,0,0
A,22,no_cue,25,25,30,20,other_1,1,0
A,26,cue,20,35,20,25,cue_associated,1,0
A,31,cue,15,40,25,20,cue_associated,0,0
A,35,cue,30,35,10,25,cue_associated,1,0
A,44,no_cue,40,25,20,15,intended,1,0
A,28,no_cue,40,5,25,30,intended,0,0
A,43,no_cue,60,15,20,5,intended,0,0
A,70,cue,40,25,25,10,intended,0,0
A,66,cue,30,30,10,30,other_2,1,0
A,79,cue,20,50,25,5,cue_associated,0,0
A,20,cue,35,15,15,35,intended,1,0
A,17,no_cue,40,5,30,25,intended,1,0
A,52,cue,30,35,25,10,cue_associated,0,0
A,8,no_cue,30,40,20,10,cue_associated,1,0
A,51,no_cue,30,30,15,25,intended,1,0
A,53,no_cue,50,20,30,0,intended,1,0
A,5,no_cue,40,15,35,10,intended,1,0
A,54,cue,45,20,25,10,intended,1,0
A,30,no_cue,45,5,30,20,intended,0,0
A,45,cue,20,40,10,30,cue_associated,1,0
A,34,cue,65,25,5,5,intended,0,0
A,75,cue,40,30,15,15,intended,0,0
A,78,cue,10,35,40,15,other_1,1,0
A,42,no_cue,20,35,15,30,cue_associated,1,0
A,55,cue,50,10,5,35,intended,0,0
A,13,no_cue,45,5,10,40,intended,1,0
A,29,no_cue,40,5,30,25,intended,1,0
A,67,cue,40,35,15,10,intended,1,0
A,92,cue,25,30,40,5,other_1,1,0
A,68,cue,55,25,5,15,intended,0,0
A,91,cue,20,35,15,30,cue_associated,1,0
A,14,no_cue,65,15,0,20,intended,0,0
A,12,no_cue,40,5,10,45,other_2,1,0
A,37,cue,35,30,10,25,intended,1,0
A,64,no_cue,25,15,10,50,other_2,0,0
A,98,no_cue,25,30,15,30,cue_associated,1,0
A,33,cue,45,25,15,15,intended,0,0
A,25,no_cue,70,15,10,5,intended,0,0
A,50,no_cue,40,15,35,10,intended,1,0
A,99,cue,20,35,10,35,cue_associated,1,0
A,69,cue,70,10,10,10,intended,0,0
A,23,cue,25,25,30,20,other_1,0,0
A,60,cue,40,25,30,5,intended,0,0
A,41,cue,40,25,15,20,intended,1,0
A,65,cue,30,30,10,30,intended,1,0
A,49,no_cue,50,20,25,5,intended,0,0
A,36,no_cue,20,45,10,25,cue_associated,0,0
A,82,no_cue,35,35,0,30,cue_associated,1,0
A,19,cue,30,30,10,30,other_2,1,0
A,72,cue,25,35,20,20,cue_associated,0,0
A,59,no_cue,35,10,5,50,other_2,0,0
A,38,cue,55,25,10,10,intended,0,0
A,71,no_cue,35,15,10,40,other_2,0,0
A,27,no_cue,35,10,15,40,other_2,0,0
A,16,cue,25,35,20,20,cue_associated,1,0
A,1,no_cue,40,15,10,35,intended,0,0
A,89,cue,40,35,20,5,intended,1,0
A,4,cue,40,10,25,25,intended,0,0
A,100,cue,30,30,20,20,cue_associated,1,0
A,81,cue,35,5,35,25,intended,1,0
A,80,no_cue,40,30,10,20,intended,0,0
A,21,cue,35,20,20,25,intended,0,0
A,94,cue,40,30,15,15,intended,1,0
A,9,no_cue,25,20,40,15,other_1,0,0
A,86,no_cue,20,35,5,40,other_2,1,0
A,46,no_cue,40,15,20,25,intended,0,0
A,2,no_cue,40,10,40,10,intended,1,0
A,97,cue,50,15,15,20,intended,0,0
A,39,no_cue,25,40,15,20,cue_associated,0,0
A,47,cue,20,45,30,5,cue_associated,0,0
B,33,cue,95,5,0,0,intended,0,0
B,3,no_cue,40,0,60,0,other_1,0,1
B,8,no_cue,70,5,5,20,intended,0,0
B,16,no_cue,55,10,20,15,intended,0,0
B,46,cue,35,0,25,40,other_2,1,0
B,95,cue,30,40,30,0,cue_associated,1,0
B,69,cue,100,0,0,0,intended,0,0
B,51,cue,0,40,20,40,other_2,1,0
B,99,cue,55,15,0,30,intended,0,0
B,70,no_cue,25,0,75,0,other_1,0,0
B,55,cue,60,0,30,10,intended,0,0
B,79,cue,25,65,10,0,cue_associated,0,0
B,45,no_cue,45,10,35,10,intended,0,0
B,49,no_cue,20,25,55,0,other_1,0,0
B,4,cue,40,20,0,40,intended,1,0
B,48,cue,60,20,20,0,intended,0,0
B,27,cue,50,20,0,30,intended,0,0
B,91,no_cue,40,20,0,40,intended,1,0
B,86,no_cue,60,15,0,25,intended,0,0
B,42,no_cue,30,30,0,40,other_2,1,0
B,56,no_cue,35,40,0,25,cue_associated,1,0
B,11,no_cue,55,0,30,15,intended,0,0
B,72,cue,0,50,0,50,cue_associated,1,0
B,62,cue,50,0,50,0,other_1,1,0
B,2,no_cue,20,25,55,0,other_1,0,0
B,100,no_cue,35,50,15,0,cue_associated,0,0
B,7,no_cue,0,0,50,50,other_1,0,0
B,39,cue,70,0,0,30,intended,0,0
B,54,no_cue,75,0,25,0,intended,0,0
B,73,no_cue,30,45,0,25,cue_associated,1,0
B,34,cue,50,50,0,0,cue_associated,1,0
B,85,cue,25,25,0,50,other_2,0,0
B,94,cue,70,0,0,30,intended,0,0
B,19,cue,20,60,20,0,cue_associated,0,0
B,57,cue,55,5,20,20,intended,0,0
B,60,no_cue,100,0,0,0,intended,0,0
B,78,no_cue,20,0,60,20,other_1,0,0
B,36,cue,55,45,0,0,intended,1,0
B,20,no_cue,35,0,0,65,other_2,0,0
B,29,no_cue,55,0,45,0,intended,0,0
B,18,cue,0,100,0,0,cue_associated,0,0
B,10,no_cue,25,0,25,50,other_2,0,0
B,25,cue,0,0,100,0,other_1,0,0
B,37,no_cue,100,0,0,0,intended,0,0
B,21,no_cue,50,0,0,50,other_2,1,0
B,38,cue,100,0,0,0,intended,0,0
B,74,no_cue,0,35,0,65,other_2,0,0
B,88,no_cue,75,0,0,25,intended,0,0
B,5,no_cue,60,0,40,0,intended,1,0
B,47,cue,0,100,0,0,cue_associated,0,0
B,28,no_cue,70,0,0,30,intended,0,0
B,81,cue,100,0,0,0,intended,0,0
B,66,cue,70,30,0,0,intended,0,0
B,63,no_cue,50,50,0,0,intended,1,0
B,75,cue,100,0,0,0,intended,0,0
B,83,cue,65,35,0,0,intended,0,0
B,41,cue,55,45,0,0,intended,0,0
B,87,cue,0,85,0,15,cue_associated,0,0
B,32,cue,100,0,0,0,intended,0,0
B,80,no_cue,75,25,0,0,intended,0,0
B,35,cue,10,75,15,0,cue_associated,0,0
B,58,cue,35,65,0,0,cue_associated,0,0
B,53,cue,100,0,0,0,intended,0,0
B,44,cue,30,50,20,0,cue_associated,0,0
B,64,no_cue,60,0,0,40,intended,0,0
B,15,no_cue,45,0,55,0,other_1,1,0
B,40,no_cue,40,0,60,0,other_1,0,0
B,23,cue,25,0,75,0,other_1,0,0
B,89,cue,25,75,0,0,cue_associated,0,0
B,12,no_cue,65,35,0,0,intended,0,0
B,31,no_cue,90,10,0,0,intended,0,0
B,98,cue,20,80,0,0,cue_associated,0,0
B,26,no_cue,75,0,0,25,intended,0,0
B,13,no_cue,75,0,25,0,intended,0,0
B,90,no_cue,40,60,0,0,cue_associated,0,0
B,43,cue,0,80,20,0,cue_associated,0,0
B,24,no_cue,25,75,0,0,cue_associated,0,0
B,65,cue,60,40,0,0,intended,0,1
B,14,cue,0,70,0,30,cue_associated,0,0
B,82,no_cue,0,0,0,100,other_2,0,0
B,76,cue,30,5,0,65,other_2,0,0
B,61,cue,75,25,0,0,intended,0,0
B,71,no_cue,0,0,70,30,other_1,0,0
B,6,no_cue,70,0,30,0,intended,0,0
B,1,no_cue,45,0,0,55,other_2,1,0
B,77,no_cue,60,0,0,40,intended,0,0
B,92,no_cue,35,0,15,50,other_2,0,0
B,84,cue,60,0,0,40,intended,0,0
B,9,cue,55,0,45,0,intended,1,0
B,50,cue,80,0,0,20,intended,0,0
B,17,no_cue,75,0,25,0,intended,0,0
B,97,no_cue,70,0,0,30,intended,0,0
B,52,cue,70,25,5,0,intended,0,0
B,67,no_cue,20,80,0,0,cue_associated,0,0
B,59,cue,50,0,0,50,other_2,1,0
B,30,cue,35,0,35,30,other_1,1,0
B,96,no_cue,35,0,0,65,other_2,0,0
B,22,cue,0,0,65,35,other_1,0,0
B,93,no_cue,40,0,0,60,other_2,0,0
B,68,no_cue,40,0,60,0,other_1,0,0
C,6,no_cue,100,0,0,0,intended,0,0
C,83,no_cue,0,0,5,95,other_2,0,0
C,100,cue,30,70,0,0,cue_associated,0,0
C,39,cue,0,100,0,0,cue_associated,0,0
C,88,cue,0,100,0,0,cue_associated,0,0
C,78,cue,0,0,100,0,other_1,0,0
C,47,cue,0,0,0,100,other_2,0,0
C,30,cue,0,0,0,100,other_2,0,0
C,86,no_cue,0,0,0,100,other_2,0,0
C,87,no_cue,100,0,0,0,intended,0,0
C,17,no_cue,0,0,0,100,other_2,0,0
C,76,no_cue,100,0,0,0,intended,0,0
C,55,cue,25,50,0,25,cue_associated,1,0
C,38,no_cue,60,0,0,40,intended,1,0
C,16,cue,65,35,0,0,intended,1,0
C,59,cue,30,0,0,70,other_2,1,0
C,46,cue,65,0,0,35,intended,1,0
C,43,cue,25,75,0,0,cue_associated,1,0
C,81,no_cue,100,0,0,0,intended,0,0
C,9,cue,65,0,25,10,intended,1,0
C,21,no_cue,80,0,0,20,intended,1,0
C,98,no_cue,40,45,0,15,cue_associated,1,0
C,4,no_cue,55,0,45,0,intended,1,0
C,71,cue,0,45,0,55,other_2,1,0
C,74,no_cue,0,40,0,60,other_2,0,0
C,48,cue,20,40,40,0,other_1,1,0
C,32,no_cue,50,0,50,0,intended,1,0
C,60,no_cue,100,0,0,0,intended,0,0
C,58,no_cue,0,55,0,45,cue_associated,1,0
C,29,cue,0,35,10,55,other_2,1,0
C,37,no_cue,65,0,0,35,intended,1,0
C,65,cue,65,35,0,0,intended,1,0
C,23,no_cue,70,0,0,30,intended,1,0
C,85,cue,0,35,65,0,other_1,1,0
C,80,cue,55,0,0,45,intended,1,0
C,25,cue,0,60,40,0,cue_associated,1,0
C,7,cue,0,45,55,0,other_1,1,0
C,94,no_cue,0,70,0,30,cue_associated,1,0
C,69,no_cue,100,0,0,0,intended,0,0
C,22,no_cue,80,0,0,20,intended,0,0
C,77,no_cue,80,0,20,0,intended,1,0
C,24,cue,40,20,40,0,other_1,1,0
C,44,no_cue,60,0,0,40,intended,1,0
C,57,cue,75,25,0,0,intended,0,0
C,75,no_cue,50,50,0,0,cue_associated,1,0
C,12,no_cue,0,45,55,0,other_1,1,0
C,92,no_cue,0,45,55,0,other_1,1,0
C,5,cue,0,0,35,65,other_2,1,0
C,62,cue,50,0,50,0,intended,1,0
C,67,cue,35,65,0,0,cue_associated,1,0
C,73,no_cue,0,0,50,50,other_2,1,0
C,8,no_cue,0,50,50,0,other_1,1,0
C,14,no_cue,50,0,0,50,intended,1,0
C,84,no_cue,0,45,0,55,other_2,1,0
C,3,cue,45,55,0,0,cue_associated,1,0
C,95,cue,40,60,0,0,cue_associated,1,0
C,15,no_cue,50,50,0,0,cue_associated,1,0
C,56,cue,0,60,0,40,cue_associated,1,0
C,68,no_cue,50,0,50,0,intended,1,0
C,42,cue,45,0,0,55,other_2,1,0
C,45,cue,0,0,45,55,other_2,1,0
C,33,cue,0,0,45,55,other_2,1,0
C,2,no_cue,45,0,55,0,other_1,1,0
C,34,cue,0,0,55,45,other_1,1,0
C,93,cue,0,40,60,0,other_1,1,0
C,40,no_cue,25,75,0,0,cue_associated,1,0
C,63,cue,45,55,0,0,cue_associated,1,0
C,27,cue,40,60,0,0,cue_associated,1,0
C,90,cue,50,0,0,50,intended,1,0
C,26,no_cue,0,0,40,60,other_2,1,0
C,36,cue,40,60,0,0,cue_associated,1,0
C,19,cue,75,0,0,25,intended,1,0
C,66,cue,0,75,0,25,cue_associated,1,0
C,70,no_cue,30,0,0,70,other_2,1,0
C,52,cue,0,0,30,70,other_2,1,0
C,41,no_cue,80,0,0,20,intended,1,0
C,79,no_cue,45,55,0,0,cue_associated,1,0
C,13,cue,0,0,35,65,other_2,1,0
C,53,no_cue,0,0,40,60,other_2,1,0
C,82,cue,0,0,40,60,other_2,1,0
C,31,no_cue,30,70,0,0,cue_associated,1,0
C,35,cue,35,65,0,0,cue_associated,1,0
C,99,no_cue,70,30,0,0,intended,1,0
C,10,cue,70,0,30,0,intended,1,0
C,51,cue,0,65,0,35,cue_associated,1,0
C,11,cue,0,30,70,0,other_1,1,0
C,97,no_cue,0,70,30,0,cue_associated,1,0
C,54,no_cue,0,0,70,30,other_1,1,0
C,72,no_cue,25,75,0,0,cue_associated,1,0
C,64,no_cue,0,75,0,25,cue_associated,1,0
C,96,no_cue,30,0,70,0,other_1,1,0
C,49,cue,0,0,40,60,other_2,1,0
C,91,no_cue,70,0,30,0,intended,1,0
C,61,no_cue,70,0,30,0,intended,1,0
C,1,cue,0,40,0,60,other_2,1,0
C,28,no_cue,0,30,70,0,other_1,1,0
C,20,no_cue,35,65,0,0,cue_associated,1,0
C,89,cue,0,0,75,25,other_1,1,0
C,18,cue,35,0,65,0,other_1,1,0
C,50,no_cue,0,0,30,70,other_2,1,0
D,44,no_cue,70,5,20,5,intended,0,0
D,8,no_cue,70,5,15,10,intended,0,0
D,53,cue,75,15,10,0,intended,0,0
D,13,no_cue,80,5,0,15,intended,0,0
D,54,cue,90,0,5,5,intended,0,0
D,50,no_cue,40,10,15,35,intended,1,0
D,51,cue,20,40,5,35,cue_associated,1,0
D,99,no_cue,15,50,5,30,cue_associated,0,0
D,42,cue,70,5,20,5,intended,0,0
D,20,cue,75,5,5,15,intended,0,0
D,1,no_cue,85,5,5,5,intended,0,0
D,63,cue,75,10,10,5,intended,0,0
D,60,no_cue,75,5,15,5,intended,0,0
D,96,no_cue,80,5,10,5,intended,0,0
D,30,cue,70,5,15,10,intended,0,0
D,33,cue,75,5,15,5,intended,0,0
D,94,cue,10,50,15,25,cue_associated,1,0
D,15,cue,20,10,10,60,other_2,0,0
D,87,no_cue,60,15,5,20,intended,0,0
D,100,no_cue,70,20,5,5,intended,0,0
D,5,no_cue,90,0,5,5,intended,0,0
D,21,cue,75,5,15,5,intended,0,0
D,39,no_cue,60,20,5,15,intended,0,0
D,84,no_cue,65,5,5,25,intended,0,0
D,78,no_cue,65,20,10,5,intended,0,0
D,66,no_cue,55,5,5,35,intended,0,0
D,35,no_cue,25,10,0,65,other_2,0,0
D,46,no_cue,80,5,0,15,intended,0,0
D,45,no_cue,70,5,10,15,intended,0,0
D,71,no_cue,20,10,15,55,other_2,1,0
D,92,no_cue,45,15,25,15,intended,1,0
D,40,cue,20,10,20,50,other_2,0,0
D,2,cue,60,5,20,15,intended,0,0
D,23,cue,65,5,20,10,intended,0,0
D,88,no_cue,15,15,50,20,other_1,0,0
D,55,cue,55,25,10,10,intended,0,0
D,64,no_cue,65,5,5,25,intended,0,0
D,58,cue,60,30,0,10,intended,0,0
D,14,cue,75,5,5,15,intended,0,0
D,38,cue,30,10,45,15,other_1,1,0
D,73,no_cue,65,5,20,10,intended,0,0
D,95,cue,20,10,65,5,other_1,0,0
D,52,cue,75,15,5,5,intended,0,0
D,25,cue,65,10,20,5,intended,0,0
D,65,cue,65,5,20,10,intended,0,0
D,79,no_cue,70,5,25,0,intended,0,0
D,89,no_cue,65,5,10,20,intended,0,0
D,76,cue,50,15,25,10,intended,1,0
D,59,cue,30,5,60,5,other_1,0,0
D,27,cue,20,10,15,55,other_2,0,0
D,9,no_cue,70,5,20,5,intended,0,0
D,24,cue,65,10,10,15,intended,0,0
D,7,no_cue,60,5,15,20,intended,0,0
D,86,no_cue,70,15,5,10,intended,0,0
D,19,cue,85,0,5,10,intended,0,0
D,37,no_cue,90,0,5,5,intended,0,0
D,22,cue,70,10,20,0,intended,0,0
D,28,no_cue,75,5,10,10,intended,0,0
D,67,no_cue,45,25,20,10,intended,1,0
D,80,no_cue,65,10,5,20,intended,0,0
D,68,no_cue,75,5,10,10,intended,0,0
D,31,cue,90,10,0,0,intended,0,0
D,69,no_cue,95,5,0,0,intended,0,0
D,18,cue,65,10,25,0,intended,0,0
D,91,no_cue,5,15,5,75,other_2,0,0
D,83,no_cue,20,5,65,10,other_1,0,0
D,29,no_cue,15,5,5,75,other_2,0,0
D,93,cue,70,15,0,15,intended,0,0
D,70,no_cue,45,5,45,5,other_1,1,0
D,57,no_cue,70,15,10,5,intended,0,0
D,48,cue,90,5,5,0,intended,0,0
D,36,no_cue,5,5,90,0,other_1,0,0
D,12,cue,70,10,10,10,intended,0,0
D,3,cue,80,5,10,5,intended,0,0
D,47,no_cue,80,5,0,15,intended,0,0
D,11,cue,65,10,10,15,intended,0,0
D,74,cue,50,5,20,25,intended,0,0
D,62,no_cue,65,15,15,5,intended,0,0
D,90,no_cue,65,30,5,0,intended,1,0
D,81,cue,70,5,15,10,intended,0,0
D,85,cue,65,10,10,15,intended,0,0
D,97,cue,40,45,5,10,cue_associated,1,0
D,16,no_cue,75,5,15,5,intended,0,0
D,32,no_cue,80,10,5,5,intended,0,0
D,26,cue,70,5,10,15,intended,0,0
D,10,cue,15,10,70,5,other_1,0,0
D,4,cue,80,5,5,10,intended,0,0
D,56,cue,60,30,5,5,intended,0,0
D,17,cue,70,5,10,15,intended,0,0
D,41,cue,65,20,5,10,intended,0,0
D,49,no_cue,75,5,15,5,intended,0,0
D,72,cue,80,5,10,5,intended,0,0
D,6,cue,60,10,25,5,intended,0,0
D,77,no_cue,80,5,15,0,intended,0,0
D,98,no_cue,15,10,10,65,other_2,0,0
D,82,no_cue,15,10,5,70,other_2,0,0
D,34,no_cue,75,10,10,5,intended,0,0
D,43,cue,10,45,35,10,cue_associated,1,0
D,75,cue,25,5,20,50,other_2,1,0
D,61,cue,75,5,15,5,intended,0,0
E,51,cue,20,5,30,45,other_2,0,0
E,36,no_cue,0,35,0,65,other_2,0,1
E,5,no_cue,75,0,20,5,intended,0,0
E,66,cue,40,15,5,40,intended,1,0
E,39,no_cue,90,0,5,5,intended,0,0
E,60,no_cue,75,25,0,0,intended,0,0
E,71,no_cue,30,20,0,50,other_2,0,0
E,20,no_cue,55,5,0,40,intended,1,0
E,58,cue,30,70,0,0,cue_associated,0,0
E,85,cue,60,10,30,0,intended,0,0
E,23,cue,55,0,25,20,intended,0,0
E,91,cue,25,5,30,40,other_2,0,0
E,96,cue,60,30,0,10,intended,0,0
E,41,no_cue,80,0,10,10,intended,0,0
E,87,no_cue,15,70,0,15,cue_associated,0,0
E,43,no_cue,70,0,30,0,intended,0,0
E,77,cue,45,5,50,0,other_1,1,0
E,33,cue,75,0,0,25,intended,0,0
E,56,cue,30,50,10,10,cue_associated,0,0
E,21,cue,65,10,0,25,intended,0,0
E,98,no_cue,30,15,25,30,intended,1,0
E,44,cue,40,5,20,35,intended,0,0
E,6,cue,25,15,60,0,other_1,0,0
E,84,cue,65,0,0,35,intended,0,0
E,81,cue,65,0,15,20,intended,0,0
E,67,no_cue,0,75,10,15,cue_associated,0,0
E,46,no_cue,55,15,0,30,intended,0,0
E,90,cue,45,30,0,25,intended,0,0
E,80,no_cue,70,20,10,0,intended,0,0
E,95,cue,30,10,20,40,other_2,1,0
E,83,no_cue,25,0,25,50,other_2,0,0
E,88,no_cue,15,10,40,35,other_1,0,0
E,38,no_cue,55,15,30,0,intended,0,0
E,94,cue,55,25,15,5,intended,0,0
E,40,cue,70,30,0,0,intended,0,0
E,8,cue,60,30,0,10,intended,0,0
E,48,cue,70,10,10,10,intended,0,0
E,3,no_cue,45,5,30,20,intended,0,0
E,73,cue,65,35,0,0,intended,0,0
E,30,cue,60,5,25,10,intended,0,0
E,9,cue,70,30,0,0,intended,0,0
E,76,cue,45,5,40,10,intended,1,0
E,72,no_cue,0,20,50,30,other_1,0,0
E,14,cue,65,5,5,25,intended,0,0
E,12,no_cue,40,10,20,30,intended,0,0
E,32,cue,75,0,10,15,intended,0,0
E,4,no_cue,50,5,30,15,intended,0,0
E,17,cue,55,5,30,10,intended,0,0
E,69,no_cue,60,20,15,5,intended,0,0
E,45,cue,45,15,15,25,intended,0,0
E,59,no_cue,55,10,25,10,intended,0,0
E,63,no_cue,55,30,10,5,intended,0,0
E,93,no_cue,10,20,10,60,other_2,0,0
E,7,no_cue,15,10,50,25,other_1,0,0
E,18,no_cue,60,10,15,15,intended,0,0
E,19,no_cue,65,15,5,15,intended,0,0
E,68,no_cue,70,15,15,0,intended,0,0
E,27,cue,45,10,0,45,other_2,1,0
E,57,no_cue,40,20,20,20,intended,0,0
E,34,cue,50,45,0,5,intended,1,0
E,47,no_cue,50,0,0,50,intended,1,0
E,75,cue,10,10,20,60,other_2,0,0
E,62,no_cue,75,0,0,25,intended,0,0
E,13,no_cue,55,0,0,45,intended,1,0
E,100,cue,50,40,0,10,intended,0,0
E,29,no_cue,35,0,5,60,other_2,0,0
E,99,no_cue,40,20,20,20,intended,0,0
E,22,no_cue,50,5,30,15,intended,0,0
E,61,cue,50,30,20,0,intended,0,0
E,2,no_cue,50,10,40,0,intended,0,0
E,26,cue,50,15,0,35,intended,0,0
E,86,cue,75,10,0,15,intended,0,0
E,37,no_cue,60,0,25,15,intended,0,0
E,35,no_cue,70,5,10,15,intended,0,0
E,49,cue,60,30,5,5,intended,0,0
E,16,cue,35,15,50,0,other_1,0,0
E,79,no_cue,80,0,20,0,intended,0,0
E,11,cue,45,15,40,0,intended,0,0
E,82,no_cue,35,60,0,5,cue_associated,0,0
E,52,cue,55,10,0,35,intended,0,0
E,28,no_cue,70,0,0,30,intended,0,0
E,10,no_cue,55,0,0,45,intended,0,0
E,92,cue,25,10,55,10,other_1,0,0
E,78,cue,35,15,50,0,other_1,0,0
E,97,no_cue,70,15,0,15,intended,0,0
E,31,cue,75,25,0,0,intended,0,0
E,74,cue,30,50,0,20,cue_associated,0,0
E,89,no_cue,65,0,35,0,intended,0,0
E,53,cue,55,40,5,0,intended,0,0
E,1,no_cue,75,0,0,25,intended,0,0
E,15,no_cue,0,0,35,65,other_2,0,0
E,24,no_cue,40,30,20,10,intended,0,0
E,65,no_cue,30,15,15,40,other_2,0,0
E,50,no_cue,65,0,25,10,intended,0,0
E,70,no_cue,45,0,30,25,intended,0,0
E,55,cue,0,50,0,50,other_2,1,0
E,54,cue,70,0,30,0,intended,0,0
E,42,cue,50,35,5,10,intended,0,0
E,64,cue,45,0,20,35,intended,0,0
E,25,cue,65,10,25,0,intended,0,0
F,33,no_cue,70,0,15,15,intended,0,0
F,13,cue,75,5,0,20,intended,0,0
F,56,no_cue,70,10,10,10,intended,0,0
F,85,no_cue,60,5,10,25,intended,0,0
F,34,no_cue,90,0,10,0,intended,0,0
F,30,no_cue,85,0,15,0,intended,0,0
F,66,no_cue,65,10,5,20,intended,0,0
F,8,no_cue,75,5,10,10,intended,0,0
F,19,cue,75,5,10,10,intended,0,0
F,2,cue,70,5,15,10,intended,0,0
F,31,no_cue,85,5,10,0,intended,0,0
F,38,cue,70,5,15,10,intended,0,0
F,14,no_cue,90,0,5,5,intended,0,0
F,87,cue,50,45,0,5,intended,1,0
F,39,cue,65,15,5,15,intended,0,0
F,76,no_cue,65,10,15,10,intended,0,0
F,95,no_cue,10,0,80,10,other_1,0,0
F,61,no_cue,85,5,10,0,intended,0,0
F,60,cue,75,5,10,10,intended,0,0
F,89,cue,85,5,5,5,intended,0,0
F,100,no_cue,80,10,5,5,intended,0,0
F,29,cue,5,5,15,75,other_2,0,0
F,67,cue,75,10,10,5,intended,0,0
F,62,cue,80,5,10,5,intended,0,0
F,17,no_cue,75,0,10,15,intended,0,0
F,40,no_cue,75,5,10,10,intended,0,0
F,20,cue,75,5,10,10,intended,0,0
F,96,no_cue,75,5,15,5,intended,0,0
F,9,no_cue,80,5,15,0,intended,0,0
F,22,cue,80,5,15,0,intended,0,0
F,25,no_cue,90,5,5,0,intended,0,0
F,74,no_cue,40,15,30,15,intended,1,0
F,84,no_cue,60,5,10,25,intended,0,0
F,78,no_cue,70,10,15,5,intended,0,0
F,41,cue,75,15,10,0,intended,0,0
F,15,cue,10,10,15,65,other_2,0,0
F,11,no_cue,75,5,15,5,intended,0,0
F,28,cue,75,5,10,10,intended,0,0
F,63,cue,75,10,10,5,intended,0,0
F,93,cue,70,15,0,15,intended,0,0
F,50,cue,80,0,5,15,intended,0,0
F,3,cue,75,10,10,5,intended,0,0
F,44,no_cue,70,5,20,5,intended,0,0
F,88,cue,15,5,65,15,other_1,0,0
F,35,cue,15,20,0,65,other_2,0,0
F,12,cue,70,10,15,5,intended,0,0
F,32,no_cue,85,5,10,0,intended,0,0
F,68,cue,80,5,10,5,intended,0,0
F,65,cue,70,10,15,5,intended,0,0
F,53,no_cue,85,5,10,0,intended,0,0
F,57,cue,80,15,5,0,intended,0,0
F,70,cue,85,5,5,5,intended,0,0
F,24,cue,75,10,5,10,intended,0,0
F,42,no_cue,65,15,15,5,intended,0,0
F,91,no_cue,5,10,0,85,other_2,0,0
F,58,no_cue,70,20,0,10,intended,0,0
F,73,no_cue,70,5,15,10,intended,0,0
F,97,cue,60,30,0,10,intended,0,0
F,59,cue,60,15,15,10,intended,0,0
F,99,cue,10,40,5,45,other_2,1,0
F,49,no_cue,70,10,15,5,intended,0,0
F,81,no_cue,90,0,5,5,intended,0,0
F,5,cue,65,10,20,5,intended,0,0
F,6,no_cue,85,0,10,5,intended,0,0
F,72,cue,70,5,15,10,intended,0,0
F,79,cue,65,15,20,0,intended,0,0
F,94,no_cue,15,65,10,10,cue_associated,0,0
F,64,no_cue,35,5,5,55,other_2,1,0
F,82,cue,20,10,10,60,other_2,0,0
F,36,cue,15,15,60,10,other_1,0,0
F,46,cue,80,5,0,15,intended,0,0
F,54,no_cue,90,0,5,5,intended,0,0
F,98,cue,15,10,10,65,other_2,0,0
F,69,cue,85,5,5,5,intended,0,0
F,71,cue,10,5,55,30,other_1,1,0
F,80,cue,75,5,5,15,intended,0,0
F,55,no_cue,65,20,5,10,intended,0,0
F,45,no_cue,70,5,5,20,intended,0,0
F,43,cue,60,20,10,10,intended,0,0
F,83,cue,15,10,65,10,other_1,0,0
F,1,cue,70,10,10,10,intended,0,0
F,18,cue,55,10,35,0,intended,0,0
F,51,no_cue,5,55,5,35,cue_associated,1,0
F,37,cue,80,5,0,15,intended,0,0
F,75,no_cue,20,5,5,70,other_2,0,0
F,90,no_cue,80,15,5,0,intended,0,0
F,92,no_cue,55,10,20,15,intended,0,0
F,7,cue,60,5,20,15,intended,0,0
F,26,no_cue,80,0,0,20,intended,0,0
F,23,no_cue,90,0,5,5,intended,0,0
F,27,no_cue,20,5,0,75,other_2,0,0
F,48,no_cue,90,5,5,0,intended,0,0
F,21,no_cue,80,0,10,10,intended,0,0
F,16,no_cue,80,5,10,5,intended,0,0
F,52,no_cue,90,5,0,5,intended,0,0
F,86,no_cue,65,25,5,5,intended,0,0
F,10,cue,20,10,70,0,other_1,0,0
F,4,cue,75,5,5,15,intended,0,0
F,47,cue,55,40,5,0,intended,1,0
F,77,no_cue,75,10,15,0,intended,0,0
G,47,cue,60,15,0,25,intended,0,0
G,71,cue,50,40,0,10,intended,1,1
G,16,cue,80,10,10,0,intended,0,0
G,95,no_cue,5,0,90,5,other_1,0,0
G,61,no_cue,80,5,15,0,intended,0,0
G,97,cue,60,35,0,5,intended,0,0
G,98,cue,15,10,5,70,other_2,0,0
G,24,no_cue,75,15,5,5,intended,0,0
G,15,no_cue,10,5,5,80,other_2,0,0
G,91,no_cue,5,15,0,80,other_2,0,0
G,88,no_cue,10,5,75,10,other_1,0,0
G,46,cue,70,10,5,15,intended,0,0
G,22,cue,80,5,15,0,intended,0,0
G,57,no_cue,70,10,5,15,intended,0,0
G,40,cue,65,10,15,10,intended,0,0
G,42,no_cue,70,15,15,0,intended,0,0
G,96,no_cue,75,10,10,5,intended,0,0
G,64,no_cue,70,5,5,20,intended,0,0
G,80,cue,80,5,10,5,intended,0,0
G,26,cue,75,5,15,5,intended,0,0
G,9,no_cue,90,0,10,0,intended,0,0
G,75,cue,5,0,5,90,other_2,0,0
G,93,no_cue,80,10,0,10,intended,0,0
G,39,no_cue,75,5,5,15,intended,0,0
G,23,cue,85,0,10,5,intended,0,0
G,94,cue,25,20,25,30,other_2,1,1
G,85,no_cue,80,0,10,10,intended,0,0
G,99,cue,5,60,0,35,cue_associated,0,0
G,36,cue,20,5,70,5,other_1,0,0
G,17,cue,75,0,5,20,intended,0,0
G,12,cue,70,20,5,5,intended,0,0
G,66,cue,85,5,0,10,intended,0,0
G,18,cue,75,10,15,0,intended,0,0
G,10,cue,10,15,75,0,other_1,0,0
G,35,cue,25,15,0,60,other_2,0,0
G,4,no_cue,85,5,5,5,intended,0,0
G,44,cue,70,15,10,5,intended,0,0
G,20,no_cue,90,0,0,10,intended,0,0
G,53,cue,75,10,15,0,intended,0,0
G,82,no_cue,15,5,5,75,other_2,0,0
G,72,cue,75,10,10,5,intended,0,0
G,52,no_cue,90,5,0,5,intended,0,0
G,63,no_cue,70,5,20,5,intended,0,0
G,74,no_cue,75,5,10,10,intended,0,0
G,86,no_cue,80,10,5,5,intended,0,0
G,50,cue,60,20,5,15,intended,0,0
G,54,cue,90,0,5,5,intended,0,0
G,83,cue,15,5,75,5,other_1,0,0
G,73,no_cue,80,5,10,5,intended,0,0
G,90,cue,70,20,10,0,intended,0,0
G,37,no_cue,90,0,0,10,intended,0,0
G,56,cue,70,20,10,0,intended,0,0
G,81,no_cue,80,0,15,5,intended,0,0
G,33,no_cue,85,0,5,10,intended,0,0
G,28,no_cue,85,0,5,10,intended,0,0
G,48,no_cue,90,5,5,0,intended,0,0
G,1,no_cue,95,0,0,5,intended,0,0
G,43,no_cue,85,5,10,0,intended,0,0
G,89,no_cue,90,5,5,0,intended,0,0
G,65,cue,80,5,10,5,intended,0,0
G,7,no_cue,80,0,5,15,intended,0,0
G,84,cue,75,0,5,20,intended,0,0
G,49,no_cue,80,5,15,0,intended,0,0
G,21,no_cue,85,0,5,10,intended,0,0
G,2,cue,75,5,15,5,intended,0,0
G,76,cue,70,5,20,5,intended,0,0
G,69,cue,90,10,0,0,intended,0,0
G,30,cue,75,10,15,0,intended,0,0
G,34,no_cue,90,5,5,0,intended,0,0
G,60,no_cue,70,5,15,10,intended,0,0
G,45,cue,70,15,5,10,intended,0,0
G,55,cue,70,20,5,5,intended,0,0
G,77,cue,75,5,20,0,intended,0,0
G,100,cue,75,20,0,5,intended,0,0
G,38,cue,80,5,10,5,intended,0,0
G,27,no_cue,10,0,0,90,other_2,0,0
G,3,cue,85,5,5,5,intended,0,0
G,79,cue,70,10,15,5,intended,0,0
G,29,no_cue,5,0,15,80,other_2,0,0
G,13,cue,75,10,15,0,intended,0,0
G,41,no_cue,75,5,10,10,intended,0,0
G,78,no_cue,80,15,5,0,intended,0,0
G,6,cue,75,5,15,5,intended,0,0
G,51,no_cue,15,55,10,20,cue_associated,0,0
G,31,no_cue,95,5,0,0,intended,0,0
G,14,no_cue,90,0,5,5,intended,0,0
G,32,cue,35,65,0,0,cue_associated,0,0
G,68,no_cue,80,5,10,5,intended,0,0
G,59,no_cue,65,5,20,10,intended,0,0
G,70,cue,75,5,15,5,intended,0,0
G,87,no_cue,50,25,0,25,intended,0,1
G,58,no_cue,65,15,0,20,intended,0,0
G,92,cue,65,10,15,10,intended,0,0
G,25,cue,85,10,5,0,intended,0,0
G,62,no_cue,85,10,5,0,intended,0,0
G,11,no_cue,90,0,5,5,intended,0,0
G,19,cue,80,5,5,10,intended,0,1
G,5,no_cue,95,0,5,0,intended,0,0
G,67,cue,65,10,25,0,intended,0,0
G,8,no_cue,75,5,10,10,intended,0,0
H,99,no_cue,5,15,5,75,other_2,0,0
H,75,no_cue,10,0,0,90,other_2,0,0
H,43,cue,70,10,20,0,intended,0,0
H,77,no_cue,85,5,10,0,intended,0,0
H,1,cue,75,5,0,20,intended,0,0
H,81,cue,85,0,5,10,intended,0,0
H,79,no_cue,80,0,20,0,intended,0,0
H,30,no_cue,90,0,10,0,intended,0,0
H,4,cue,90,0,0,10,intended,0,0
H,97,no_cue,70,10,0,20,intended,0,0
H,25,no_cue,95,0,5,0,intended,0,1
H,63,cue,70,10,0,20,intended,0,1
H,80,no_cue,80,0,5,15,intended,0,0
H,9,cue,80,5,15,0,intended,0,0
H,38,no_cue,95,0,5,0,intended,0,0
H,62,cue,90,5,5,0,intended,0,0
H,3,no_cue,85,0,5,10,intended,0,0
H,41,cue,60,10,10,20,intended,0,1
H,36,no_cue,20,5,75,0,other_1,0,0
H,45,no_cue,75,5,10,10,intended,0,1
H,58,cue,70,15,5,10,intended,0,0
H,74,cue,30,20,0,50,other_2,0,0
H,83,no_cue,65,0,25,10,intended,0,0
H,71,no_cue,5,5,5,85,other_2,0,0
H,94,no_cue,20,70,0,10,cue_associated,0,1
H,15,cue,15,5,10,70,other_2,0,0
H,54,no_cue,90,0,5,5,intended,0,0
H,88,cue,10,5,75,10,other_1,0,0
H,67,no_cue,10,30,60,0,other_1,0,0
H,61,cue,75,5,20,0,intended,0,0
H,95,cue,10,0,80,10,other_1,0,0
H,46,no_cue,80,0,0,20,intended,0,0
H,14,cue,80,0,5,15,intended,0,0
H,91,cue,0,10,70,20,other_1,0,0
H,85,cue,65,10,15,10,intended,0,0
H,66,no_cue,70,5,0,25,intended,0,0
H,65,no_cue,85,0,15,0,intended,0,0
H,92,no_cue,50,0,30,20,intended,0,1
H,47,no_cue,75,5,5,15,intended,0,0
H,48,cue,90,5,0,5,intended,0,0
H,39,cue,60,10,5,25,intended,0,1
H,44,no_cue,70,0,20,10,intended,0,0
H,87,cue,45,40,0,15,intended,1,0
H,57,cue,75,15,5,5,intended,0,0
H,18,no_cue,85,0,15,0,intended,0,0
H,24,cue,70,10,15,5,intended,0,0
H,76,no_cue,80,5,10,5,intended,0,0
H,16,no_cue,80,5,10,5,intended,0,0
H,98,no_cue,15,5,10,70,other_2,0,0
H,26,no_cue,80,0,0,20,intended,0,0
H,10,no_cue,75,10,15,0,intended,0,0
H,84,no_cue,75,5,5,15,intended,0,0
H,52,cue,80,10,5,5,intended,0,0
H,49,cue,85,5,5,5,intended,0,0
H,29,cue,10,0,5,85,other_2,0,0
H,7,cue,70,5,15,10,intended,0,0
H,8,cue,80,5,10,5,intended,0,0
H,78,cue,70,15,10,5,intended,0,1
H,2,no_cue,85,5,5,5,intended,0,0
H,17,no_cue,80,0,15,5,intended,0,0
H,64,cue,35,0,5,60,other_2,0,1
H,70,no_cue,70,0,20,10,intended,0,0
H,21,cue,90,0,10,0,intended,0,0
H,53,no_cue,85,5,10,0,intended,0,0
H,96,cue,75,5,20,0,intended,0,0
H,82,cue,15,10,5,70,other_2,0,0
H,100,no_cue,85,15,0,0,intended,0,0
H,23,no_cue,90,0,5,5,intended,0,0
H,33,cue,75,5,5,15,intended,0,1
H,31,cue,65,10,15,10,intended,0,1
H,93,cue,75,10,5,10,intended,0,1
H,34,cue,95,5,0,0,intended,0,0
H,19,no_cue,95,0,0,5,intended,0,0
H,20,cue,80,0,5,15,intended,0,0
H,72,no_cue,70,5,5,20,intended,0,0
H,90,no_cue,70,10,20,0,intended,0,0
H,13,no_cue,80,0,0,20,intended,0,0
H,6,no_cue,90,0,5,5,intended,0,0
H,35,no_cue,70,20,0,10,intended,0,0
H,37,cue,90,0,0,10,intended,0,0
H,40,no_cue,80,5,10,5,intended,0,0
H,22,no_cue,90,5,5,0,intended,0,0
H,55,no_cue,60,25,10,5,intended,0,1
H,50,no_cue,30,20,15,35,other_2,1,1
H,89,cue,75,5,10,10,intended,0,0
H,51,cue,5,15,20,60,other_2,0,0
H,5,cue,85,5,5,5,intended,0,0
H,68,cue,75,5,5,15,intended,0,0
H,32,no_cue,80,0,10,10,intended,0,0
H,28,cue,85,0,10,5,intended,0,0
H,60,cue,70,10,15,5,intended,0,0
H,59,cue,65,15,5,15,intended,0,1
H,73,cue,80,0,15,5,intended,0,0
H,42,cue,75,5,20,0,intended,0,0
H,86,cue,90,5,0,5,intended,0,0
H,69,no_cue,90,10,0,0,intended,0,0
H,12,no_cue,75,5,5,15,intended,0,0
H,56,no_cue,75,15,5,5,intended,0,0
H,27,cue,10,5,5,80,other_2,0,0
H,11,cue,75,5,10,10,intended,0,0
