"estimate","value","ci_low","ci_high","n"
"Clinician participants, all responses, no-cue cases: selection of the cue-associated diagnosis (%)",2,1.1,3.5,564
"Clinician participants, all responses, no-cue cases: selection of the cue-associated diagnosis (responses)",11,,,564
"Clinician participants, all responses, cue cases: selection of the cue-associated diagnosis (%)",27.8,24.3,31.7,564
"Clinician participants, all responses, cue cases: selection of the cue-associated diagnosis (responses)",157,,,564
"Clinician participants, all responses, no-cue cases: accuracy (%)",86.3,83.3,88.9,564
"Clinician participants, all responses, no-cue cases: accuracy (responses)",487,,,564
"Clinician participants, all responses, cue cases: accuracy (%)",54.6,50.5,58.7,564
"Clinician participants, all responses, cue cases: accuracy (responses)",308,,,564
"All baseline LLMs, all 100 case families, no-cue cases: selection of the cue-associated diagnosis (%)",23,22.5,23.5,27600
"All baseline LLMs, all 100 case families, no-cue cases: selection of the cue-associated diagnosis (responses)",6356,,,27600
"All baseline LLMs, all 100 case families, cue cases: selection of the cue-associated diagnosis (%)",56.9,56.3,57.5,27600
"All baseline LLMs, all 100 case families, cue cases: selection of the cue-associated diagnosis (responses)",15709,,,27600
"All baseline LLMs, all 100 case families, no-cue cases: accuracy (%)",61.7,61.1,62.3,27600
"All baseline LLMs, all 100 case families, no-cue cases: accuracy (responses)",17034,,,27600
"All baseline LLMs, all 100 case families, cue cases: accuracy (%)",36.7,36.1,37.2,27600
"All baseline LLMs, all 100 case families, cue cases: accuracy (responses)",10116,,,27600
"All baseline LLMs, matched 21 case families, no-cue cases: selection of the cue-associated diagnosis (%)",1.4,1.2,1.8,5796
"All baseline LLMs, matched 21 case families, no-cue cases: selection of the cue-associated diagnosis (responses)",83,,,5796
"All baseline LLMs, matched 21 case families, cue cases: selection of the cue-associated diagnosis (%)",84.9,84,85.8,5796
"All baseline LLMs, matched 21 case families, cue cases: selection of the cue-associated diagnosis (responses)",4921,,,5796
"All baseline LLMs, matched 21 case families, no-cue cases: accuracy (%)",90.9,90.2,91.7,5796
"All baseline LLMs, matched 21 case families, no-cue cases: accuracy (responses)",5271,,,5796
"All baseline LLMs, matched 21 case families, cue cases: accuracy (%)",12.4,11.5,13.2,5796
"All baseline LLMs, matched 21 case families, cue cases: accuracy (responses)",716,,,5796
"All baseline LLMs, matched 21 case families: cue effect on selection of the cue-associated diagnosis (percentage points)",83.5,,,11592
"All baseline LLMs, matched 21 case families: cue effect on accuracy (percentage points)",-78.6,,,11592
"Clinician participants, matched 21 case families: cue effect on selection of the cue-associated diagnosis (percentage points)",25.9,,,1128
"Clinician participants, matched 21 case families: cue effect on accuracy (percentage points)",-31.7,,,1128
"All LLMs, base-rate prompt, matched 21 case families, no-cue cases: selection of the cue-associated diagnosis (%)",0.2,0.1,0.5,1932
"All LLMs, base-rate prompt, matched 21 case families, no-cue cases: selection of the cue-associated diagnosis (responses)",3,,,1932
"All LLMs, base-rate prompt, matched 21 case families, cue cases: selection of the cue-associated diagnosis (%)",28.4,26.4,30.5,1932
"All LLMs, base-rate prompt, matched 21 case families, cue cases: selection of the cue-associated diagnosis (responses)",549,,,1932
"All LLMs, base-rate prompt, matched 21 case families, no-cue cases: accuracy (%)",97.8,97.1,98.4,1932
"All LLMs, base-rate prompt, matched 21 case families, no-cue cases: accuracy (responses)",1890,,,1932
"All LLMs, base-rate prompt, matched 21 case families, cue cases: accuracy (%)",66,63.9,68.1,1932
"All LLMs, base-rate prompt, matched 21 case families, cue cases: accuracy (responses)",1276,,,1932
"All LLMs, rare-or-serious prompt, matched 21 case families, no-cue cases: selection of the cue-associated diagnosis (%)",30.9,28.9,33,1932
"All LLMs, rare-or-serious prompt, matched 21 case families, no-cue cases: selection of the cue-associated diagnosis (responses)",597,,,1932
"All LLMs, rare-or-serious prompt, matched 21 case families, cue cases: selection of the cue-associated diagnosis (%)",93.2,92,94.3,1932
"All LLMs, rare-or-serious prompt, matched 21 case families, cue cases: selection of the cue-associated diagnosis (responses)",1801,,,1932
"All LLMs, rare-or-serious prompt, matched 21 case families, no-cue cases: accuracy (%)",51.2,49,53.5,1932
"All LLMs, rare-or-serious prompt, matched 21 case families, no-cue cases: accuracy (responses)",990,,,1932
"All LLMs, rare-or-serious prompt, matched 21 case families, cue cases: accuracy (%)",4.1,3.3,5.1,1932
"All LLMs, rare-or-serious prompt, matched 21 case families, cue cases: accuracy (responses)",79,,,1932
"Frontier LLMs, base-rate prompt, matched 21 case families, cue cases: selection of the cue-associated diagnosis (%)",14.3,10.5,19.1,252
"Frontier LLMs, base-rate prompt, matched 21 case families, cue cases: selection of the cue-associated diagnosis (responses)",36,,,252
"Frontier LLMs, rare-or-serious prompt, matched 21 case families, cue cases: selection of the cue-associated diagnosis (%)",83.3,78.2,87.4,252
"Frontier LLMs, rare-or-serious prompt, matched 21 case families, cue cases: selection of the cue-associated diagnosis (responses)",210,,,252
"Clinician participants excluding medical students, no-cue cases: selection of the cue-associated diagnosis (%)",1.3,0.6,2.8,468
"Clinician participants excluding medical students, no-cue cases: selection of the cue-associated diagnosis (responses)",6,,,468
"Clinician participants excluding medical students, cue cases: selection of the cue-associated diagnosis (%)",25,21.3,29.1,468
"Clinician participants excluding medical students, cue cases: selection of the cue-associated diagnosis (responses)",117,,,468
"Clinician participants excluding medical students, no-cue cases: accuracy (%)",89.5,86.4,92,468
"Clinician participants excluding medical students, no-cue cases: accuracy (responses)",419,,,468
"Clinician participants excluding medical students, cue cases: accuracy (%)",59.8,55.3,64.2,468
"Clinician participants excluding medical students, cue cases: accuracy (responses)",280,,,468
"Clinician participants excluding the repeated case families, no-cue cases: selection of the cue-associated diagnosis (%)",2.1,1.1,4,423
"Clinician participants excluding the repeated case families, no-cue cases: selection of the cue-associated diagnosis (responses)",9,,,423
"Clinician participants excluding the repeated case families, cue cases: selection of the cue-associated diagnosis (%)",28.8,24.7,33.3,423
"Clinician participants excluding the repeated case families, cue cases: selection of the cue-associated diagnosis (responses)",122,,,423
"Clinician participants",47,,,
"Raters among baseline LLMs on the matched case families",69,,,
"Unique LLMs",22,,,
"Model-panel entries",23,,,
